#
# A fatal error has been detected by the Java Runtime Environment:
#
#  SIGSEGV (0xb) at pc=0x000000010f40438c, pid=51652, tid=4611
#
# JRE version: OpenJDK Runtime Environment Homebrew (26.0.1) (build 26.0.1)
# Java VM: OpenJDK 64-Bit Server VM Homebrew (26.0.1, mixed mode, sharing, tiered, compressed oops, compressed class ptrs, g1 gc, bsd-aarch64)
# Problematic frame:
# C  [libtesseract.dylib+0x2838c]  tesseract::Tesseract::recog_all_words(tesseract::PAGE_RES*, tesseract::ETEXT_DESC*, tesseract::TBOX const*, char const*, int)+0xbc
#
# No core dump will be written. Core dumps have been disabled. To enable core dumping, try "ulimit -c unlimited" before starting Java again
#
# If you would like to submit a bug report, please visit:
#   https://github.com/Homebrew/homebrew-core/issues
# The crash happened outside the Java Virtual Machine in native code.
# See problematic frame for where to report the bug.
#

---------------  S U M M A R Y ------------

Command Line: -Djna.library.path=/Users/lingjinsuo/D/code/binary_eys_callback/target/darwin-aarch64 /Users/lingjinsuo/D/code/binary_eys_callback/target/surefire/surefirebooter17427900925197089076.jar /Users/lingjinsuo/D/code/binary_eys_callback/target/surefire 2026-07-30T12-41-05_605-jvmRun1 surefire8656965008265002668tmp surefire_015743411136381642671tmp

Host: "MacBookPro18,2" arm64, 10 cores, 64G, Darwin 25.4.0, macOS 26.4.1 (25E253)
Time: Thu Jul 30 12:41:09 2026 CST elapsed time: 3.425647 seconds (0d 0h 0m 3s)

---------------  T H R E A D  ---------------

Current thread (0x0000000105548ac0):  JavaThread "main"             [_thread_in_native, id=4611, stack(0x000000016b160000,0x000000016b363000) (2060K)]

Stack: [0x000000016b160000,0x000000016b363000],  sp=0x000000016b35f160,  free space=2044k
Native frames: (J=compiled Java code, j=interpreted, Vv=VM code, C=native code)
C  [libtesseract.dylib+0x2838c]  tesseract::Tesseract::recog_all_words(tesseract::PAGE_RES*, tesseract::ETEXT_DESC*, tesseract::TBOX const*, char const*, int)+0xbc
C  [libtesseract.dylib+0x4ab8]  tesseract::TessBaseAPI::Recognize(tesseract::ETEXT_DESC*)+0x2e8
C  [libtesseract.dylib+0x38f0]  tesseract::TessBaseAPI::GetUTF8Text()+0x3c
C  [jna3657636357078147323.tmp+0x1004c]  ffi_prep_closure_loc+0x15ac
C  [jna3657636357078147323.tmp+0xea10]  ffi_call+0x520
C  [jna3657636357078147323.tmp+0x681c]  Java_com_sun_jna_Native_invokePointer+0x984
C  [jna3657636357078147323.tmp+0x5ec4]  Java_com_sun_jna_Native_invokePointer+0x2c
j  com.sun.jna.Native.invokePointer(Lcom/sun/jna/Function;JI[Ljava/lang/Object;)J+0
j  com.sun.jna.Function.invokePointer(I[Ljava/lang/Object;)Lcom/sun/jna/Pointer;+7
j  com.sun.jna.Function.invoke([Ljava/lang/Object;Ljava/lang/Class;ZI)Ljava/lang/Object;+385
j  com.sun.jna.Function.invoke(Ljava/lang/reflect/Method;[Ljava/lang/Class;Ljava/lang/Class;[Ljava/lang/Object;Ljava/util/Map;)Ljava/lang/Object;+271
j  com.sun.jna.Library$Handler.invoke(Ljava/lang/Object;Ljava/lang/reflect/Method;[Ljava/lang/Object;)Ljava/lang/Object;+390
j  jdk.proxy2.$Proxy9.TessBaseAPIGetUTF8Text(Lnet/sourceforge/tess4j/ITessAPI$TessBaseAPI;)Lcom/sun/jna/Pointer;+16 jdk.proxy2
j  net.sourceforge.tess4j.Tesseract.getOCRText(Ljava/lang/String;I)Ljava/lang/String;+269
j  net.sourceforge.tess4j.Tesseract.doOCR(Ljavax/imageio/IIOImage;Ljava/lang/String;Ljava/awt/Rectangle;I)Ljava/lang/String;+18
j  net.sourceforge.tess4j.Tesseract.doOCR(Ljava/io/File;Ljava/awt/Rectangle;)Ljava/lang/String;+126
j  net.sourceforge.tess4j.Tesseract.doOCR(Ljava/io/File;)Ljava/lang/String;+3
j  com.example.binaryeyecallback.OcrTest.testOcrImages()V+105
j  java.lang.invoke.LambdaForm$DMH+0x00000800010a8800.invokeVirtual(Ljava/lang/Object;Ljava/lang/Object;)V+10 java.base@26.0.1
j  java.lang.invoke.LambdaForm$MH+0x00000800010a9000.invoke(Ljava/lang/Object;Ljava/lang/Object;)Ljava/lang/Object;+31 java.base@26.0.1
j  java.lang.invoke.Invokers$Holder.invokeExact_MT(Ljava/lang/Object;Ljava/lang/Object;Ljava/lang/Object;)Ljava/lang/Object;+19 java.base@26.0.1
j  jdk.internal.reflect.DirectMethodHandleAccessor.invokeImpl(Ljava/lang/Object;[Ljava/lang/Object;)Ljava/lang/Object;+41 java.base@26.0.1
j  jdk.internal.reflect.DirectMethodHandleAccessor.invoke(Ljava/lang/Object;[Ljava/lang/Object;)Ljava/lang/Object;+23 java.base@26.0.1
j  java.lang.reflect.Method.invoke(Ljava/lang/Object;[Ljava/lang/Object;)Ljava/lang/Object;+102 java.base@26.0.1
j  org.junit.platform.commons.util.ReflectionUtils.invokeMethod(Ljava/lang/reflect/Method;Ljava/lang/Object;[Ljava/lang/Object;)Ljava/lang/Object;+42
j  org.junit.jupiter.engine.execution.MethodInvocation.proceed()Ljava/lang/Object;+16
j  org.junit.jupiter.engine.execution.InvocationInterceptorChain$ValidatingInvocation.proceed()Ljava/lang/Object;+8
j  org.junit.jupiter.engine.extension.TimeoutExtension.intercept(Lorg/junit/jupiter/api/extension/InvocationInterceptor$Invocation;Lorg/junit/jupiter/api/extension/ReflectiveInvocationContext;Lorg/junit/jupiter/api/extension/ExtensionContext;Lorg/junit/jupiter/engine/extension/TimeoutDuration;Lorg/junit/jupiter/engine/extension/TimeoutExtension$TimeoutProvider;)Ljava/lang/Object;+28
j  org.junit.jupiter.engine.extension.TimeoutExtension.interceptTestableMethod(Lorg/junit/jupiter/api/extension/InvocationInterceptor$Invocation;Lorg/junit/jupiter/api/extension/ReflectiveInvocationContext;Lorg/junit/jupiter/api/extension/ExtensionContext;Lorg/junit/jupiter/engine/extension/TimeoutExtension$TimeoutProvider;)Ljava/lang/Object;+31
j  org.junit.jupiter.engine.extension.TimeoutExtension.interceptTestMethod(Lorg/junit/jupiter/api/extension/InvocationInterceptor$Invocation;Lorg/junit/jupiter/api/extension/ReflectiveInvocationContext;Lorg/junit/jupiter/api/extension/ExtensionContext;)V+9
j  org.junit.jupiter.engine.descriptor.TestMethodTestDescriptor$$Lambda+0x000008000107f768.apply(Lorg/junit/jupiter/api/extension/InvocationInterceptor;Lorg/junit/jupiter/api/extension/InvocationInterceptor$Invocation;Lorg/junit/jupiter/api/extension/ReflectiveInvocationContext;Lorg/junit/jupiter/api/extension/ExtensionContext;)V+5
j  org.junit.jupiter.engine.execution.ExecutableInvoker$ReflectiveInterceptorCall.lambda$ofVoidMethod$0(Lorg/junit/jupiter/engine/execution/ExecutableInvoker$ReflectiveInterceptorCall$VoidMethodInterceptorCall;Lorg/junit/jupiter/api/extension/InvocationInterceptor;Lorg/junit/jupiter/api/extension/InvocationInterceptor$Invocation;Lorg/junit/jupiter/api/extension/ReflectiveInvocationContext;Lorg/junit/jupiter/api/extension/ExtensionContext;)Ljava/lang/Void;+6
j  org.junit.jupiter.engine.execution.ExecutableInvoker$ReflectiveInterceptorCall$$Lambda+0x000008000107fb98.apply(Lorg/junit/jupiter/api/extension/InvocationInterceptor;Lorg/junit/jupiter/api/extension/InvocationInterceptor$Invocation;Lorg/junit/jupiter/api/extension/ReflectiveInvocationContext;Lorg/junit/jupiter/api/extension/ExtensionContext;)Ljava/lang/Object;+9
j  org.junit.jupiter.engine.execution.ExecutableInvoker.lambda$invoke$0(Lorg/junit/jupiter/engine/execution/ExecutableInvoker$ReflectiveInterceptorCall;Lorg/junit/jupiter/api/extension/ReflectiveInvocationContext;Lorg/junit/jupiter/api/extension/ExtensionContext;Lorg/junit/jupiter/api/extension/InvocationInterceptor;Lorg/junit/jupiter/api/extension/InvocationInterceptor$Invocation;)Ljava/lang/Object;+6
j  org.junit.jupiter.engine.execution.ExecutableInvoker$$Lambda+0x00000800010a57e0.apply(Lorg/junit/jupiter/api/extension/InvocationInterceptor;Lorg/junit/jupiter/api/extension/InvocationInterceptor$Invocation;)Ljava/lang/Object;+14
j  org.junit.jupiter.engine.execution.InvocationInterceptorChain$InterceptedInvocation.proceed()Ljava/lang/Object;+12
j  org.junit.jupiter.engine.execution.InvocationInterceptorChain.proceed(Lorg/junit/jupiter/api/extension/InvocationInterceptor$Invocation;)Ljava/lang/Object;+1
j  org.junit.jupiter.engine.execution.InvocationInterceptorChain.chainAndInvoke(Lorg/junit/jupiter/api/extension/InvocationInterceptor$Invocation;Lorg/junit/jupiter/engine/execution/InvocationInterceptorChain$InterceptorCall;Ljava/util/List;)Ljava/lang/Object;+24
j  org.junit.jupiter.engine.execution.InvocationInterceptorChain.invoke(Lorg/junit/jupiter/api/extension/InvocationInterceptor$Invocation;Lorg/junit/jupiter/engine/extension/ExtensionRegistry;Lorg/junit/jupiter/engine/execution/InvocationInterceptorChain$InterceptorCall;)Ljava/lang/Object;+31
j  org.junit.jupiter.engine.execution.ExecutableInvoker.invoke(Lorg/junit/jupiter/api/extension/InvocationInterceptor$Invocation;Lorg/junit/jupiter/api/extension/ReflectiveInvocationContext;Lorg/junit/jupiter/api/extension/ExtensionContext;Lorg/junit/jupiter/engine/extension/ExtensionRegistry;Lorg/junit/jupiter/engine/execution/ExecutableInvoker$ReflectiveInterceptorCall;)Ljava/lang/Object;+15
j  org.junit.jupiter.engine.execution.ExecutableInvoker.invoke(Ljava/lang/reflect/Method;Ljava/lang/Object;Lorg/junit/jupiter/api/extension/ExtensionContext;Lorg/junit/jupiter/engine/extension/ExtensionRegistry;Lorg/junit/jupiter/engine/execution/ExecutableInvoker$ReflectiveInterceptorCall;)Ljava/lang/Object;+56
j  org.junit.jupiter.engine.descriptor.TestMethodTestDescriptor.lambda$invokeTestMethod$7(Lorg/junit/jupiter/api/extension/ExtensionContext;Lorg/junit/jupiter/engine/execution/JupiterEngineExecutionContext;)V+28
j  org.junit.jupiter.engine.descriptor.TestMethodTestDescriptor$$Lambda+0x00000800010ac660.execute()V+12
j  org.junit.platform.engine.support.hierarchical.ThrowableCollector.execute(Lorg/junit/platform/engine/support/hierarchical/ThrowableCollector$Executable;)V+1
j  org.junit.jupiter.engine.descriptor.TestMethodTestDescriptor.invokeTestMethod(Lorg/junit/jupiter/engine/execution/JupiterEngineExecutionContext;Lorg/junit/platform/engine/support/hierarchical/Node$DynamicTestExecutor;)V+21
j  org.junit.jupiter.engine.descriptor.TestMethodTestDescriptor.execute(Lorg/junit/jupiter/engine/execution/JupiterEngineExecutionContext;Lorg/junit/platform/engine/support/hierarchical/Node$DynamicTestExecutor;)Lorg/junit/jupiter/engine/execution/JupiterEngineExecutionContext;+44
j  org.junit.jupiter.engine.descriptor.TestMethodTestDescriptor.execute(Lorg/junit/platform/engine/support/hierarchical/EngineExecutionContext;Lorg/junit/platform/engine/support/hierarchical/Node$DynamicTestExecutor;)Lorg/junit/platform/engine/support/hierarchical/EngineExecutionContext;+6
j  org.junit.platform.engine.support.hierarchical.NodeTestTask.lambda$executeRecursively$6()V+79
j  org.junit.platform.engine.support.hierarchical.NodeTestTask$$Lambda+0x00000800010993d0.execute()V+4
j  org.junit.platform.engine.support.hierarchical.ThrowableCollector.execute(Lorg/junit/platform/engine/support/hierarchical/ThrowableCollector$Executable;)V+1
j  org.junit.platform.engine.support.hierarchical.NodeTestTask.lambda$executeRecursively$8(Lorg/junit/platform/engine/support/hierarchical/EngineExecutionContext;)V+15
j  org.junit.platform.engine.support.hierarchical.NodeTestTask$$Lambda+0x00000800010991a0.invoke(Lorg/junit/platform/engine/support/hierarchical/EngineExecutionContext;)V+5
j  org.junit.platform.engine.support.hierarchical.Node.around(Lorg/junit/platform/engine/support/hierarchical/EngineExecutionContext;Lorg/junit/platform/engine/support/hierarchical/Node$Invocation;)V+2
j  org.junit.platform.engine.support.hierarchical.NodeTestTask.lambda$executeRecursively$9()V+14
j  org.junit.platform.engine.support.hierarchical.NodeTestTask$$Lambda+0x0000080001098d68.execute()V+4
j  org.junit.platform.engine.support.hierarchical.ThrowableCollector.execute(Lorg/junit/platform/engine/support/hierarchical/ThrowableCollector$Executable;)V+1
j  org.junit.platform.engine.support.hierarchical.NodeTestTask.executeRecursively()V+31
j  org.junit.platform.engine.support.hierarchical.NodeTestTask.execute()V+55
j  org.junit.platform.engine.support.hierarchical.SameThreadHierarchicalTestExecutorService$$Lambda+0x0000080001099f10.accept(Ljava/lang/Object;)V+4
j  java.util.ArrayList.forEach(Ljava/util/function/Consumer;)V+46 java.base@26.0.1
j  org.junit.platform.engine.support.hierarchical.SameThreadHierarchicalTestExecutorService.invokeAll(Ljava/util/List;)V+6
j  org.junit.platform.engine.support.hierarchical.NodeTestTask.lambda$executeRecursively$6()V+116
j  org.junit.platform.engine.support.hierarchical.NodeTestTask$$Lambda+0x00000800010993d0.execute()V+4
j  org.junit.platform.engine.support.hierarchical.ThrowableCollector.execute(Lorg/junit/platform/engine/support/hierarchical/ThrowableCollector$Executable;)V+1
j  org.junit.platform.engine.support.hierarchical.NodeTestTask.lambda$executeRecursively$8(Lorg/junit/platform/engine/support/hierarchical/EngineExecutionContext;)V+15
j  org.junit.platform.engine.support.hierarchical.NodeTestTask$$Lambda+0x00000800010991a0.invoke(Lorg/junit/platform/engine/support/hierarchical/EngineExecutionContext;)V+5
j  org.junit.platform.engine.support.hierarchical.Node.around(Lorg/junit/platform/engine/support/hierarchical/EngineExecutionContext;Lorg/junit/platform/engine/support/hierarchical/Node$Invocation;)V+2
j  org.junit.platform.engine.support.hierarchical.NodeTestTask.lambda$executeRecursively$9()V+14
j  org.junit.platform.engine.support.hierarchical.NodeTestTask$$Lambda+0x0000080001098d68.execute()V+4
j  org.junit.platform.engine.support.hierarchical.ThrowableCollector.execute(Lorg/junit/platform/engine/support/hierarchical/ThrowableCollector$Executable;)V+1
j  org.junit.platform.engine.support.hierarchical.NodeTestTask.executeRecursively()V+31
j  org.junit.platform.engine.support.hierarchical.NodeTestTask.execute()V+55
j  org.junit.platform.engine.support.hierarchical.SameThreadHierarchicalTestExecutorService$$Lambda+0x0000080001099f10.accept(Ljava/lang/Object;)V+4
j  java.util.ArrayList.forEach(Ljava/util/function/Consumer;)V+46 java.base@26.0.1
j  org.junit.platform.engine.support.hierarchical.SameThreadHierarchicalTestExecutorService.invokeAll(Ljava/util/List;)V+6
j  org.junit.platform.engine.support.hierarchical.NodeTestTask.lambda$executeRecursively$6()V+116
j  org.junit.platform.engine.support.hierarchical.NodeTestTask$$Lambda+0x00000800010993d0.execute()V+4
j  org.junit.platform.engine.support.hierarchical.ThrowableCollector.execute(Lorg/junit/platform/engine/support/hierarchical/ThrowableCollector$Executable;)V+1
j  org.junit.platform.engine.support.hierarchical.NodeTestTask.lambda$executeRecursively$8(Lorg/junit/platform/engine/support/hierarchical/EngineExecutionContext;)V+15
j  org.junit.platform.engine.support.hierarchical.NodeTestTask$$Lambda+0x00000800010991a0.invoke(Lorg/junit/platform/engine/support/hierarchical/EngineExecutionContext;)V+5
j  org.junit.platform.engine.support.hierarchical.Node.around(Lorg/junit/platform/engine/support/hierarchical/EngineExecutionContext;Lorg/junit/platform/engine/support/hierarchical/Node$Invocation;)V+2
j  org.junit.platform.engine.support.hierarchical.NodeTestTask.lambda$executeRecursively$9()V+14
j  org.junit.platform.engine.support.hierarchical.NodeTestTask$$Lambda+0x0000080001098d68.execute()V+4
j  org.junit.platform.engine.support.hierarchical.ThrowableCollector.execute(Lorg/junit/platform/engine/support/hierarchical/ThrowableCollector$Executable;)V+1
j  org.junit.platform.engine.support.hierarchical.NodeTestTask.executeRecursively()V+31
j  org.junit.platform.engine.support.hierarchical.NodeTestTask.execute()V+55
j  org.junit.platform.engine.support.hierarchical.SameThreadHierarchicalTestExecutorService.submit(Lorg/junit/platform/engine/support/hierarchical/HierarchicalTestExecutorService$TestTask;)Ljava/util/concurrent/Future;+1
j  org.junit.platform.engine.support.hierarchical.HierarchicalTestExecutor.execute()Ljava/util/concurrent/Future;+74
j  org.junit.platform.engine.support.hierarchical.HierarchicalTestEngine.execute(Lorg/junit/platform/engine/ExecutionRequest;)V+31
j  org.junit.platform.launcher.core.DefaultLauncher.execute(Lorg/junit/platform/engine/TestEngine;Lorg/junit/platform/engine/ExecutionRequest;)V+2
j  org.junit.platform.launcher.core.DefaultLauncher.lambda$execute$6(Lorg/junit/platform/launcher/core/Root;Lorg/junit/platform/engine/ConfigurationParameters;Lorg/junit/platform/launcher/TestExecutionListener;)V+85
j  org.junit.platform.launcher.core.DefaultLauncher$$Lambda+0x00000800010898f8.accept(Ljava/lang/Object;)V+16
j  org.junit.platform.launcher.core.DefaultLauncher.withInterceptedStreams(Lorg/junit/platform/engine/ConfigurationParameters;Lorg/junit/platform/launcher/core/TestExecutionListenerRegistry;Ljava/util/function/Consumer;)V+43
j  org.junit.platform.launcher.core.DefaultLauncher.execute(Lorg/junit/platform/launcher/core/Root;Lorg/junit/platform/engine/ConfigurationParameters;[Lorg/junit/platform/launcher/TestExecutionListener;)V+19
j  org.junit.platform.launcher.core.DefaultLauncher.execute(Lorg/junit/platform/launcher/LauncherDiscoveryRequest;[Lorg/junit/platform/launcher/TestExecutionListener;)V+36
j  org.apache.maven.surefire.junitplatform.JUnitPlatformProvider.invokeAllTests(Lorg/apache/maven/surefire/util/TestsToRun;Lorg/apache/maven/surefire/report/RunListener;)V+26
j  org.apache.maven.surefire.junitplatform.JUnitPlatformProvider.invoke(Ljava/lang/Object;)Lorg/apache/maven/surefire/suite/RunResult;+80
j  org.apache.maven.surefire.booter.ForkedBooter.invokeProviderInSameClassLoader(Lorg/apache/maven/surefire/booter/ForkingReporterFactory;)Lorg/apache/maven/surefire/suite/RunResult;+9
j  org.apache.maven.surefire.booter.ForkedBooter.runSuitesInProcess()Lorg/apache/maven/surefire/suite/RunResult;+7
j  org.apache.maven.surefire.booter.ForkedBooter.execute()V+1
...<more frames>...
Java frames: (J=compiled Java code, j=interpreted, Vv=VM code)
j  com.sun.jna.Native.invokePointer(Lcom/sun/jna/Function;JI[Ljava/lang/Object;)J+0
j  com.sun.jna.Function.invokePointer(I[Ljava/lang/Object;)Lcom/sun/jna/Pointer;+7
j  com.sun.jna.Function.invoke([Ljava/lang/Object;Ljava/lang/Class;ZI)Ljava/lang/Object;+385
j  com.sun.jna.Function.invoke(Ljava/lang/reflect/Method;[Ljava/lang/Class;Ljava/lang/Class;[Ljava/lang/Object;Ljava/util/Map;)Ljava/lang/Object;+271
j  com.sun.jna.Library$Handler.invoke(Ljava/lang/Object;Ljava/lang/reflect/Method;[Ljava/lang/Object;)Ljava/lang/Object;+390
j  jdk.proxy2.$Proxy9.TessBaseAPIGetUTF8Text(Lnet/sourceforge/tess4j/ITessAPI$TessBaseAPI;)Lcom/sun/jna/Pointer;+16 jdk.proxy2
j  net.sourceforge.tess4j.Tesseract.getOCRText(Ljava/lang/String;I)Ljava/lang/String;+269
j  net.sourceforge.tess4j.Tesseract.doOCR(Ljavax/imageio/IIOImage;Ljava/lang/String;Ljava/awt/Rectangle;I)Ljava/lang/String;+18
j  net.sourceforge.tess4j.Tesseract.doOCR(Ljava/io/File;Ljava/awt/Rectangle;)Ljava/lang/String;+126
j  net.sourceforge.tess4j.Tesseract.doOCR(Ljava/io/File;)Ljava/lang/String;+3
j  com.example.binaryeyecallback.OcrTest.testOcrImages()V+105
j  java.lang.invoke.LambdaForm$DMH+0x00000800010a8800.invokeVirtual(Ljava/lang/Object;Ljava/lang/Object;)V+10 java.base@26.0.1
j  java.lang.invoke.LambdaForm$MH+0x00000800010a9000.invoke(Ljava/lang/Object;Ljava/lang/Object;)Ljava/lang/Object;+31 java.base@26.0.1
j  java.lang.invoke.Invokers$Holder.invokeExact_MT(Ljava/lang/Object;Ljava/lang/Object;Ljava/lang/Object;)Ljava/lang/Object;+19 java.base@26.0.1
j  jdk.internal.reflect.DirectMethodHandleAccessor.invokeImpl(Ljava/lang/Object;[Ljava/lang/Object;)Ljava/lang/Object;+41 java.base@26.0.1
j  jdk.internal.reflect.DirectMethodHandleAccessor.invoke(Ljava/lang/Object;[Ljava/lang/Object;)Ljava/lang/Object;+23 java.base@26.0.1
j  java.lang.reflect.Method.invoke(Ljava/lang/Object;[Ljava/lang/Object;)Ljava/lang/Object;+102 java.base@26.0.1
j  org.junit.platform.commons.util.ReflectionUtils.invokeMethod(Ljava/lang/reflect/Method;Ljava/lang/Object;[Ljava/lang/Object;)Ljava/lang/Object;+42
j  org.junit.jupiter.engine.execution.MethodInvocation.proceed()Ljava/lang/Object;+16
j  org.junit.jupiter.engine.execution.InvocationInterceptorChain$ValidatingInvocation.proceed()Ljava/lang/Object;+8
j  org.junit.jupiter.engine.extension.TimeoutExtension.intercept(Lorg/junit/jupiter/api/extension/InvocationInterceptor$Invocation;Lorg/junit/jupiter/api/extension/ReflectiveInvocationContext;Lorg/junit/jupiter/api/extension/ExtensionContext;Lorg/junit/jupiter/engine/extension/TimeoutDuration;Lorg/junit/jupiter/engine/extension/TimeoutExtension$TimeoutProvider;)Ljava/lang/Object;+28
j  org.junit.jupiter.engine.extension.TimeoutExtension.interceptTestableMethod(Lorg/junit/jupiter/api/extension/InvocationInterceptor$Invocation;Lorg/junit/jupiter/api/extension/ReflectiveInvocationContext;Lorg/junit/jupiter/api/extension/ExtensionContext;Lorg/junit/jupiter/engine/extension/TimeoutExtension$TimeoutProvider;)Ljava/lang/Object;+31
j  org.junit.jupiter.engine.extension.TimeoutExtension.interceptTestMethod(Lorg/junit/jupiter/api/extension/InvocationInterceptor$Invocation;Lorg/junit/jupiter/api/extension/ReflectiveInvocationContext;Lorg/junit/jupiter/api/extension/ExtensionContext;)V+9
j  org.junit.jupiter.engine.descriptor.TestMethodTestDescriptor$$Lambda+0x000008000107f768.apply(Lorg/junit/jupiter/api/extension/InvocationInterceptor;Lorg/junit/jupiter/api/extension/InvocationInterceptor$Invocation;Lorg/junit/jupiter/api/extension/ReflectiveInvocationContext;Lorg/junit/jupiter/api/extension/ExtensionContext;)V+5
j  org.junit.jupiter.engine.execution.ExecutableInvoker$ReflectiveInterceptorCall.lambda$ofVoidMethod$0(Lorg/junit/jupiter/engine/execution/ExecutableInvoker$ReflectiveInterceptorCall$VoidMethodInterceptorCall;Lorg/junit/jupiter/api/extension/InvocationInterceptor;Lorg/junit/jupiter/api/extension/InvocationInterceptor$Invocation;Lorg/junit/jupiter/api/extension/ReflectiveInvocationContext;Lorg/junit/jupiter/api/extension/ExtensionContext;)Ljava/lang/Void;+6
j  org.junit.jupiter.engine.execution.ExecutableInvoker$ReflectiveInterceptorCall$$Lambda+0x000008000107fb98.apply(Lorg/junit/jupiter/api/extension/InvocationInterceptor;Lorg/junit/jupiter/api/extension/InvocationInterceptor$Invocation;Lorg/junit/jupiter/api/extension/ReflectiveInvocationContext;Lorg/junit/jupiter/api/extension/ExtensionContext;)Ljava/lang/Object;+9
j  org.junit.jupiter.engine.execution.ExecutableInvoker.lambda$invoke$0(Lorg/junit/jupiter/engine/execution/ExecutableInvoker$ReflectiveInterceptorCall;Lorg/junit/jupiter/api/extension/ReflectiveInvocationContext;Lorg/junit/jupiter/api/extension/ExtensionContext;Lorg/junit/jupiter/api/extension/InvocationInterceptor;Lorg/junit/jupiter/api/extension/InvocationInterceptor$Invocation;)Ljava/lang/Object;+6
j  org.junit.jupiter.engine.execution.ExecutableInvoker$$Lambda+0x00000800010a57e0.apply(Lorg/junit/jupiter/api/extension/InvocationInterceptor;Lorg/junit/jupiter/api/extension/InvocationInterceptor$Invocation;)Ljava/lang/Object;+14
j  org.junit.jupiter.engine.execution.InvocationInterceptorChain$InterceptedInvocation.proceed()Ljava/lang/Object;+12
j  org.junit.jupiter.engine.execution.InvocationInterceptorChain.proceed(Lorg/junit/jupiter/api/extension/InvocationInterceptor$Invocation;)Ljava/lang/Object;+1
j  org.junit.jupiter.engine.execution.InvocationInterceptorChain.chainAndInvoke(Lorg/junit/jupiter/api/extension/InvocationInterceptor$Invocation;Lorg/junit/jupiter/engine/execution/InvocationInterceptorChain$InterceptorCall;Ljava/util/List;)Ljava/lang/Object;+24
j  org.junit.jupiter.engine.execution.InvocationInterceptorChain.invoke(Lorg/junit/jupiter/api/extension/InvocationInterceptor$Invocation;Lorg/junit/jupiter/engine/extension/ExtensionRegistry;Lorg/junit/jupiter/engine/execution/InvocationInterceptorChain$InterceptorCall;)Ljava/lang/Object;+31
j  org.junit.jupiter.engine.execution.ExecutableInvoker.invoke(Lorg/junit/jupiter/api/extension/InvocationInterceptor$Invocation;Lorg/junit/jupiter/api/extension/ReflectiveInvocationContext;Lorg/junit/jupiter/api/extension/ExtensionContext;Lorg/junit/jupiter/engine/extension/ExtensionRegistry;Lorg/junit/jupiter/engine/execution/ExecutableInvoker$ReflectiveInterceptorCall;)Ljava/lang/Object;+15
j  org.junit.jupiter.engine.execution.ExecutableInvoker.invoke(Ljava/lang/reflect/Method;Ljava/lang/Object;Lorg/junit/jupiter/api/extension/ExtensionContext;Lorg/junit/jupiter/engine/extension/ExtensionRegistry;Lorg/junit/jupiter/engine/execution/ExecutableInvoker$ReflectiveInterceptorCall;)Ljava/lang/Object;+56
j  org.junit.jupiter.engine.descriptor.TestMethodTestDescriptor.lambda$invokeTestMethod$7(Lorg/junit/jupiter/api/extension/ExtensionContext;Lorg/junit/jupiter/engine/execution/JupiterEngineExecutionContext;)V+28
j  org.junit.jupiter.engine.descriptor.TestMethodTestDescriptor$$Lambda+0x00000800010ac660.execute()V+12
j  org.junit.platform.engine.support.hierarchical.ThrowableCollector.execute(Lorg/junit/platform/engine/support/hierarchical/ThrowableCollector$Executable;)V+1
j  org.junit.jupiter.engine.descriptor.TestMethodTestDescriptor.invokeTestMethod(Lorg/junit/jupiter/engine/execution/JupiterEngineExecutionContext;Lorg/junit/platform/engine/support/hierarchical/Node$DynamicTestExecutor;)V+21
j  org.junit.jupiter.engine.descriptor.TestMethodTestDescriptor.execute(Lorg/junit/jupiter/engine/execution/JupiterEngineExecutionContext;Lorg/junit/platform/engine/support/hierarchical/Node$DynamicTestExecutor;)Lorg/junit/jupiter/engine/execution/JupiterEngineExecutionContext;+44
j  org.junit.jupiter.engine.descriptor.TestMethodTestDescriptor.execute(Lorg/junit/platform/engine/support/hierarchical/EngineExecutionContext;Lorg/junit/platform/engine/support/hierarchical/Node$DynamicTestExecutor;)Lorg/junit/platform/engine/support/hierarchical/EngineExecutionContext;+6
j  org.junit.platform.engine.support.hierarchical.NodeTestTask.lambda$executeRecursively$6()V+79
j  org.junit.platform.engine.support.hierarchical.NodeTestTask$$Lambda+0x00000800010993d0.execute()V+4
j  org.junit.platform.engine.support.hierarchical.ThrowableCollector.execute(Lorg/junit/platform/engine/support/hierarchical/ThrowableCollector$Executable;)V+1
j  org.junit.platform.engine.support.hierarchical.NodeTestTask.lambda$executeRecursively$8(Lorg/junit/platform/engine/support/hierarchical/EngineExecutionContext;)V+15
j  org.junit.platform.engine.support.hierarchical.NodeTestTask$$Lambda+0x00000800010991a0.invoke(Lorg/junit/platform/engine/support/hierarchical/EngineExecutionContext;)V+5
j  org.junit.platform.engine.support.hierarchical.Node.around(Lorg/junit/platform/engine/support/hierarchical/EngineExecutionContext;Lorg/junit/platform/engine/support/hierarchical/Node$Invocation;)V+2
j  org.junit.platform.engine.support.hierarchical.NodeTestTask.lambda$executeRecursively$9()V+14
j  org.junit.platform.engine.support.hierarchical.NodeTestTask$$Lambda+0x0000080001098d68.execute()V+4
j  org.junit.platform.engine.support.hierarchical.ThrowableCollector.execute(Lorg/junit/platform/engine/support/hierarchical/ThrowableCollector$Executable;)V+1
j  org.junit.platform.engine.support.hierarchical.NodeTestTask.executeRecursively()V+31
j  org.junit.platform.engine.support.hierarchical.NodeTestTask.execute()V+55
j  org.junit.platform.engine.support.hierarchical.SameThreadHierarchicalTestExecutorService$$Lambda+0x0000080001099f10.accept(Ljava/lang/Object;)V+4
j  java.util.ArrayList.forEach(Ljava/util/function/Consumer;)V+46 java.base@26.0.1
j  org.junit.platform.engine.support.hierarchical.SameThreadHierarchicalTestExecutorService.invokeAll(Ljava/util/List;)V+6
j  org.junit.platform.engine.support.hierarchical.NodeTestTask.lambda$executeRecursively$6()V+116
j  org.junit.platform.engine.support.hierarchical.NodeTestTask$$Lambda+0x00000800010993d0.execute()V+4
j  org.junit.platform.engine.support.hierarchical.ThrowableCollector.execute(Lorg/junit/platform/engine/support/hierarchical/ThrowableCollector$Executable;)V+1
j  org.junit.platform.engine.support.hierarchical.NodeTestTask.lambda$executeRecursively$8(Lorg/junit/platform/engine/support/hierarchical/EngineExecutionContext;)V+15
j  org.junit.platform.engine.support.hierarchical.NodeTestTask$$Lambda+0x00000800010991a0.invoke(Lorg/junit/platform/engine/support/hierarchical/EngineExecutionContext;)V+5
j  org.junit.platform.engine.support.hierarchical.Node.around(Lorg/junit/platform/engine/support/hierarchical/EngineExecutionContext;Lorg/junit/platform/engine/support/hierarchical/Node$Invocation;)V+2
j  org.junit.platform.engine.support.hierarchical.NodeTestTask.lambda$executeRecursively$9()V+14
j  org.junit.platform.engine.support.hierarchical.NodeTestTask$$Lambda+0x0000080001098d68.execute()V+4
j  org.junit.platform.engine.support.hierarchical.ThrowableCollector.execute(Lorg/junit/platform/engine/support/hierarchical/ThrowableCollector$Executable;)V+1
j  org.junit.platform.engine.support.hierarchical.NodeTestTask.executeRecursively()V+31
j  org.junit.platform.engine.support.hierarchical.NodeTestTask.execute()V+55
j  org.junit.platform.engine.support.hierarchical.SameThreadHierarchicalTestExecutorService$$Lambda+0x0000080001099f10.accept(Ljava/lang/Object;)V+4
j  java.util.ArrayList.forEach(Ljava/util/function/Consumer;)V+46 java.base@26.0.1
j  org.junit.platform.engine.support.hierarchical.SameThreadHierarchicalTestExecutorService.invokeAll(Ljava/util/List;)V+6
j  org.junit.platform.engine.support.hierarchical.NodeTestTask.lambda$executeRecursively$6()V+116
j  org.junit.platform.engine.support.hierarchical.NodeTestTask$$Lambda+0x00000800010993d0.execute()V+4
j  org.junit.platform.engine.support.hierarchical.ThrowableCollector.execute(Lorg/junit/platform/engine/support/hierarchical/ThrowableCollector$Executable;)V+1
j  org.junit.platform.engine.support.hierarchical.NodeTestTask.lambda$executeRecursively$8(Lorg/junit/platform/engine/support/hierarchical/EngineExecutionContext;)V+15
j  org.junit.platform.engine.support.hierarchical.NodeTestTask$$Lambda+0x00000800010991a0.invoke(Lorg/junit/platform/engine/support/hierarchical/EngineExecutionContext;)V+5
j  org.junit.platform.engine.support.hierarchical.Node.around(Lorg/junit/platform/engine/support/hierarchical/EngineExecutionContext;Lorg/junit/platform/engine/support/hierarchical/Node$Invocation;)V+2
j  org.junit.platform.engine.support.hierarchical.NodeTestTask.lambda$executeRecursively$9()V+14
j  org.junit.platform.engine.support.hierarchical.NodeTestTask$$Lambda+0x0000080001098d68.execute()V+4
j  org.junit.platform.engine.support.hierarchical.ThrowableCollector.execute(Lorg/junit/platform/engine/support/hierarchical/ThrowableCollector$Executable;)V+1
j  org.junit.platform.engine.support.hierarchical.NodeTestTask.executeRecursively()V+31
j  org.junit.platform.engine.support.hierarchical.NodeTestTask.execute()V+55
j  org.junit.platform.engine.support.hierarchical.SameThreadHierarchicalTestExecutorService.submit(Lorg/junit/platform/engine/support/hierarchical/HierarchicalTestExecutorService$TestTask;)Ljava/util/concurrent/Future;+1
j  org.junit.platform.engine.support.hierarchical.HierarchicalTestExecutor.execute()Ljava/util/concurrent/Future;+74
j  org.junit.platform.engine.support.hierarchical.HierarchicalTestEngine.execute(Lorg/junit/platform/engine/ExecutionRequest;)V+31
j  org.junit.platform.launcher.core.DefaultLauncher.execute(Lorg/junit/platform/engine/TestEngine;Lorg/junit/platform/engine/ExecutionRequest;)V+2
j  org.junit.platform.launcher.core.DefaultLauncher.lambda$execute$6(Lorg/junit/platform/launcher/core/Root;Lorg/junit/platform/engine/ConfigurationParameters;Lorg/junit/platform/launcher/TestExecutionListener;)V+85
j  org.junit.platform.launcher.core.DefaultLauncher$$Lambda+0x00000800010898f8.accept(Ljava/lang/Object;)V+16
j  org.junit.platform.launcher.core.DefaultLauncher.withInterceptedStreams(Lorg/junit/platform/engine/ConfigurationParameters;Lorg/junit/platform/launcher/core/TestExecutionListenerRegistry;Ljava/util/function/Consumer;)V+43
j  org.junit.platform.launcher.core.DefaultLauncher.execute(Lorg/junit/platform/launcher/core/Root;Lorg/junit/platform/engine/ConfigurationParameters;[Lorg/junit/platform/launcher/TestExecutionListener;)V+19
j  org.junit.platform.launcher.core.DefaultLauncher.execute(Lorg/junit/platform/launcher/LauncherDiscoveryRequest;[Lorg/junit/platform/launcher/TestExecutionListener;)V+36
j  org.apache.maven.surefire.junitplatform.JUnitPlatformProvider.invokeAllTests(Lorg/apache/maven/surefire/util/TestsToRun;Lorg/apache/maven/surefire/report/RunListener;)V+26
j  org.apache.maven.surefire.junitplatform.JUnitPlatformProvider.invoke(Ljava/lang/Object;)Lorg/apache/maven/surefire/suite/RunResult;+80
j  org.apache.maven.surefire.booter.ForkedBooter.invokeProviderInSameClassLoader(Lorg/apache/maven/surefire/booter/ForkingReporterFactory;)Lorg/apache/maven/surefire/suite/RunResult;+9
j  org.apache.maven.surefire.booter.ForkedBooter.runSuitesInProcess()Lorg/apache/maven/surefire/suite/RunResult;+7
j  org.apache.maven.surefire.booter.ForkedBooter.execute()V+1
j  org.apache.maven.surefire.booter.ForkedBooter.main([Ljava/lang/String;)V+35
v  ~StubRoutines::Stub Generator call_stub_stub 0x0000000121518454

siginfo: si_signo: 11 (SIGSEGV), si_code: 2 (SEGV_ACCERR), si_addr: 0x000000000000000c

Registers:
 x0=0x0000000798ec4000  x1=0x0000000000000000  x2=0x0000000000000000  x3=0x0000000000000000
 x4=0x0000000000000000  x5=0x0000000000000000  x6=0xffffffffbfc007ff  x7=0x0000000000000580
 x8=0x0000000000000000  x9=0x0000000000000000 x10=0x00000007990655c0 x11=0x000000079883c0f0
x12=0x000000000000036e x13=0x0000000000000000 x14=0x000000010518e9c8 x15=0x0000000799af8000
x16=0x000000018125e790 x17=0xffffffffb00007ff x18=0x0000000000000000 x19=0x0000000000000000
x20=0x00000007997580a0 x21=0x0000000797e58000 x22=0x0000000000000000 x23=0x0000000000000000
x24=0x0000000000000000 x25=0x000000016b35f530 x26=0x0000000797e79b7c x27=0x0000000797e7b102
x28=0x0000000797e7c9a0  fp=0x000000016b35f320  lr=0x000000010f40436c  sp=0x000000016b35f160
pc=0x000000010f40438c cpsr=0x0000000080001000

Register to memory mapping:

x0 =0x0000000798ec4000 points into unknown readable memory: 0x000000079965cc00 | 00 cc 65 99 07 00 00 00
x1 =0x0 is null
x2 =0x0 is null
x3 =0x0 is null
x4 =0x0 is null
x5 =0x0 is null
x6 =0xffffffffbfc007ff is an unknown value
x7 =0x0000000000000580 is an unknown value
x8 =0x0 is null
x9 =0x0 is null
x10=0x00000007990655c0 points into unknown readable memory: 0x00000007990655c0 | c0 55 06 99 07 00 00 00
x11=0x000000079883c0f0 points into unknown readable memory: 0x000000079883c090 | 90 c0 83 98 07 00 00 00
x12=0x000000000000036e is an unknown value
x13=0x0 is null
x14=0x000000010518e9c8 points into unknown readable memory: 0x0000000000400400 | 00 04 40 00 00 00 00 00
x15=0x0000000799af8000 points into unknown readable memory: 0x0000000799af8200 | 00 82 af 99 07 00 00 00
x16=0x000000018125e790: _platform_strcmp$VARIANT$Base+0 in /usr/lib/system/libsystem_platform.dylib at 0x000000018125a000
x17=0xffffffffb00007ff is an unknown value
x18=0x0 is null
x19=0x0 is null
x20=0x00000007997580a0 points into unknown readable memory: 0x0000000000000000 | 00 00 00 00 00 00 00 00
x21=0x0000000797e58000 points into unknown readable memory: 0x000000010f5ad1f0 | f0 d1 5a 0f 01 00 00 00
x22=0x0 is null
x23=0x0 is null
x24=0x0 is null
x25=0x000000016b35f530 is pointing into the stack for thread: 0x0000000105548ac0
x26=0x0000000797e79b7c points into unknown readable memory: 06 00 00 00
x27=0x0000000797e7b102 points into unknown readable memory: 00 00 00 00 00 00
x28=0x0000000797e7c9a0 points into unknown readable memory: 0x3f80000000000000 | 00 00 00 00 00 00 80 3f
 fp=0x000000016b35f320 is pointing into the stack for thread: 0x0000000105548ac0
 lr=0x000000010f40436c: _ZN9tesseract9Tesseract15recog_all_wordsEPNS_8PAGE_RESEPNS_10ETEXT_DESCEPKNS_4TBOXEPKci+0x9c in /Users/lingjinsuo/D/code/binary_eys_callback/target/darwin-aarch64/libtesseract.dylib at 0x000000010f3dc000
 sp=0x000000016b35f160 is pointing into the stack for thread: 0x0000000105548ac0

Top of Stack: (sp=0x000000016b35f160)
0x000000016b35f160:   0000000000000000 0000000799afb200   ................
0x000000016b35f170:   0000000000000000 0000000000000000   ................
0x000000016b35f180:   00000007997580a0 0000000000000000   ..u.............
0x000000016b35f190:   0000000000000000 0000000000000000   ................
0x000000016b35f1a0:   0000000798ec4000 000000079883c240   .@......@.......
0x000000016b35f1b0:   00000007990655c0 000000079965f000   .U........e.....
0x000000016b35f1c0:   000000079883c240 00000007990655c0   @........U......
0x000000016b35f1d0:   00000007997580a8 00000007990655c0   ..u......U......
0x000000016b35f1e0:   00000007990655c0 00000007990655c0   .U.......U......
0x000000016b35f1f0:   00000007990655c0 000000010f000000   .U..............
0x000000016b35f200:   00000007990655e8 000000079883c480   .U..............
0x000000016b35f210:   000000079883c240 000000079883c0f0   @...............
0x000000016b35f220:   000000079883c240 0000000799000000   @...............
0x000000016b35f230:   000000079883c260 000000079965f000   `.........e.....
0x000000016b35f240:   0000000798ec4000 000000079965cc00   .@........e.....
0x000000016b35f250:   0000000798ec4000 0000000000010000   .@..............
0x000000016b35f260:   000000079883c260 000000079965f000   `.........e.....
0x000000016b35f270:   0000000798ec4000 000000079965cc00   .@........e.....
0x000000016b35f280:   0000000798ec4000 000000010f000000   .@..............
0x000000016b35f290:   000000079883c260 000000079965f200   `.........e.....
0x000000016b35f2a0:   000000079965f000 0000000798ec4000   ..e......@......
0x000000016b35f2b0:   0000000798ec4000 0000000799010000   .@..............
0x000000016b35f2c0:   0000000000000000 0000000797e79a6a   ........j.......
0x000000016b35f2d0:   000000016b35f570 0000000000000001   p.5k............
0x000000016b35f2e0:   0000000000000001 000000016b35f530   ........0.5k....
0x000000016b35f2f0:   0000000000000000 0000000797e79a6a   ........j.......
0x000000016b35f300:   0000000797e58000 00000007997580a0   ..........u.....
0x000000016b35f310:   0000000000000000 00000001055624e0   .........$V.....
0x000000016b35f320:   000000016b35f380 000000010f3e0ab8   ..5k......>.....
0x000000016b35f330:   000000016b35fd48 0000000019751901   H.5k......u.....
0x000000016b35f340:   0000000000000002 0000000146816210   .........b.F....
0x000000016b35f350:   0000000000000000 000000016b35f5e0   ..........5k....

Instructions: (pc=0x000000010f40438c)
  0x000000010f40428c:   f8 5f 42 a9 ff 83 01 91 c0 03 5f d6 07 00 00 14
  0x000000010f40429c:   f4 03 00 aa e8 7f c0 39 a8 00 f8 36 e0 07 40 f9
  0x000000010f4042ac:   c1 ea 04 94 02 00 00 14 f4 03 00 aa 68 5e c0 39
  0x000000010f4042bc:   68 00 f8 36 60 02 40 f9 bb ea 04 94 e0 03 14 aa
  0x000000010f4042cc:   99 e9 04 94 ff 43 07 d1 fc 6f 17 a9 fa 67 18 a9
  0x000000010f4042dc:   f8 5f 19 a9 f6 57 1a a9 f4 4f 1b a9 fd 7b 1c a9
  0x000000010f4042ec:   fd 03 07 91 f7 03 05 aa f8 03 04 aa e3 03 00 f9
  0x000000010f4042fc:   f3 03 02 aa f4 03 01 aa f5 03 00 aa ff 53 00 f9
  0x000000010f40430c:   ff 6b 00 f9 08 90 40 91 1c 81 26 91 08 8c 40 91
  0x000000010f40431c:   1b 09 04 91 ff 83 00 f9 ff 9b 00 f9 08 84 40 91
  0x000000010f40432c:   1a f1 2d 91 ff 3b 00 f9 e1 13 00 f9 e0 83 00 91
  0x000000010f40433c:   01 00 80 52 b0 67 01 94 48 3b 66 39 1f 05 00 71
  0x000000010f40434c:   61 00 00 54 48 bb 26 39 68 83 0c 39 ff 06 00 71
  0x000000010f40435c:   e8 0d 00 54 e0 83 00 91 01 00 80 52 a6 67 01 94
  0x000000010f40436c:   a8 c2 54 b9 f6 03 18 aa 1f 05 00 71 8b 00 00 54
  0x000000010f40437c:   e0 03 15 aa f3 f5 01 94 06 00 00 14 a8 e2 44 f9
=>0x000000010f40438c:   08 31 40 39 68 00 00 34 e0 03 15 aa 0d f6 01 94
  0x000000010f40439c:   99 63 45 a9 3f 03 18 eb a0 01 00 54 20 03 40 f9
  0x000000010f4043ac:   08 c0 54 b9 1f 05 00 71 6b 00 00 54 e5 f5 01 94
  0x000000010f4043bc:   05 00 00 14 08 e0 44 f9 08 31 40 39 48 00 00 34
  0x000000010f4043cc:   00 f6 01 94 39 23 00 91 f3 ff ff 17 ff ff 00 a9
  0x000000010f4043dc:   ff 0f 00 f9 e5 23 00 91 e0 03 15 aa 21 00 80 52
  0x000000010f4043ec:   e2 03 40 f9 f8 03 16 aa e3 03 16 aa e4 03 14 aa
  0x000000010f4043fc:   d5 fc ff 97 68 8b 25 91 08 01 40 b9 88 00 00 34
  0x000000010f40440c:   e1 23 00 91 e0 03 15 aa c1 f0 00 94 e9 a3 40 a9
  0x000000010f40441c:   08 01 09 cb 08 fd 44 d3 a9 99 99 52 89 99 b9 72
  0x000000010f40442c:   08 7d 09 1b 88 7f 05 29 a8 92 40 91 08 f1 26 91
  0x000000010f40443c:   1f 01 00 f9 1f 11 00 79 95 37 00 f9 e3 83 00 91
  0x000000010f40444c:   e4 23 00 91 e0 03 15 aa 21 00 80 52 e2 03 13 aa
  0x000000010f40445c:   71 fd ff 97 60 04 00 34 e0 83 00 91 01 00 80 52
  0x000000010f40446c:   65 67 01 94 e8 23 40 f9 68 04 00 b4 09 05 40 f9
  0x000000010f40447c:   29 65 40 39 c9 01 08 37 09 91 40 f9 29 31 42 39


Stack slot to memory mapping:

stack at sp + 0 slots: 0x0 is null
stack at sp + 1 slots: 0x0000000799afb200 points into unknown readable memory: 0x0000000799afb400 | 00 b4 af 99 07 00 00 00
stack at sp + 2 slots: 0x0 is null
stack at sp + 3 slots: 0x0 is null
stack at sp + 4 slots: 0x00000007997580a0 points into unknown readable memory: 0x0000000000000000 | 00 00 00 00 00 00 00 00
stack at sp + 5 slots: 0x0 is null
stack at sp + 6 slots: 0x0 is null
stack at sp + 7 slots: 0x0 is null

Lock stack of current Java thread (top to bottom):


---------------  P R O C E S S  ---------------

Threads class SMR info:
_java_thread_list=0x0000000798b0b040, length=17, elements={
0x0000000105548ac0, 0x00000007988bf000, 0x00000007988bf800, 0x0000000798cd4000,
0x0000000798cd4800, 0x0000000798cd5000, 0x0000000798c69400, 0x0000000798c69e00,
0x0000000798cd5800, 0x0000000798cd6000, 0x0000000798cd7000, 0x0000000798cd7800,
0x0000000798d60000, 0x0000000798f38000, 0x0000000798b06000, 0x0000000798ee1400,
0x0000000798f3b000
}

Java Threads: ( => current thread )
=>0x0000000105548ac0 JavaThread "main"                              [_thread_in_native, id=4611, stack(0x000000016b160000,0x000000016b363000) (2060K)]
  0x00000007988bf000 JavaThread "Reference Handler"          daemon [_thread_blocked, id=28163, stack(0x000000016c4e4000,0x000000016c6e7000) (2060K)]
  0x00000007988bf800 JavaThread "Finalizer"                  daemon [_thread_blocked, id=27907, stack(0x000000016c6f0000,0x000000016c8f3000) (2060K)]
  0x0000000798cd4000 JavaThread "Signal Dispatcher"          daemon [_thread_blocked, id=27651, stack(0x000000016c8fc000,0x000000016caff000) (2060K)]
  0x0000000798cd4800 JavaThread "Service Thread"             daemon [_thread_blocked, id=25091, stack(0x000000016cb08000,0x000000016cd0b000) (2060K)]
  0x0000000798cd5000 JavaThread "Monitor Deflation Thread"   daemon [_thread_blocked, id=25347, stack(0x000000016cd14000,0x000000016cf17000) (2060K)]
  0x0000000798c69400 JavaThread "C2 CompilerThread0"         daemon [_thread_blocked, id=26883, stack(0x000000016cf20000,0x000000016d123000) (2060K)]
  0x0000000798c69e00 JavaThread "C1 CompilerThread0"         daemon [_thread_blocked, id=25859, stack(0x000000016d12c000,0x000000016d32f000) (2060K)]
  0x0000000798cd5800 JavaThread "Notification Thread"        daemon [_thread_blocked, id=26627, stack(0x000000016d338000,0x000000016d53b000) (2060K)]
  0x0000000798cd6000 JavaThread "Common-Cleaner"             daemon [_thread_blocked, id=32771, stack(0x000000016d544000,0x000000016d747000) (2060K)]
  0x0000000798cd7000 JavaThread "surefire-forkedjvm-command-thread" daemon [_thread_in_native, id=43011, stack(0x000000016d750000,0x000000016d953000) (2060K)]
  0x0000000798cd7800 JavaThread "surefire-forkedjvm-ping-30s" daemon [_thread_blocked, id=33283, stack(0x000000016d95c000,0x000000016db5f000) (2060K)]
  0x0000000798d60000 JavaThread "process reaper"             daemon [_thread_blocked, id=33795, stack(0x000000016db68000,0x000000016db9f000) (220K)]
  0x0000000798f38000 JavaThread "Java2D Disposer"            daemon [_thread_blocked, id=35851, stack(0x000000016e3d8000,0x000000016e5db000) (2060K)]
  0x0000000798b06000 JavaThread "JNA Cleaner"                daemon [_thread_blocked, id=34311, stack(0x000000016dba8000,0x000000016ddab000) (2060K)]
  0x0000000798ee1400 JavaThread "C2 CompilerThread1"         daemon [_thread_blocked, id=35599, stack(0x000000016e5e4000,0x000000016e7e7000) (2060K)]
  0x0000000798f3b000 JavaThread "InnocuousThread-1"          daemon [_thread_blocked, id=41747, stack(0x000000016e7f0000,0x000000016e9f3000) (2060K)]
Total: 17

Other Threads:
  0x0000000798875c00 VMThread "VM Thread"                           [id=19203, stack(0x000000016c1c0000,0x000000016c3c3000) (2060K)]
  0x0000000798876400 WatcherThread "VM Periodic Task Thread"        [id=17675, stack(0x000000016bfb4000,0x000000016c1b7000) (2060K)]
  0x0000000105553900 WorkerThread "GC Thread#0"                     [id=13315, stack(0x000000016b36c000,0x000000016b56f000) (2060K)]
  0x0000000798985800 WorkerThread "GC Thread#1"                     [id=34819, stack(0x000000016ddb4000,0x000000016dfb7000) (2060K)]
  0x0000000798985c00 WorkerThread "GC Thread#2"                     [id=42755, stack(0x000000016dfc0000,0x000000016e1c3000) (2060K)]
  0x00000007989fa000 WorkerThread "GC Thread#3"                     [id=42243, stack(0x000000016e1cc000,0x000000016e3cf000) (2060K)]
  0x0000000105554ca0 ConcurrentGCThread "G1 Main Marker"            [id=13059, stack(0x000000016b578000,0x000000016b77b000) (2060K)]
  0x00000001055556d0 WorkerThread "G1 Conc#0"                       [id=12291, stack(0x000000016b784000,0x000000016b987000) (2060K)]
  0x0000000798874800 WorkerThread "G1 Refinement Workers#0"         [id=17155, stack(0x000000016bb9c000,0x000000016bd9f000) (2060K)]
  0x0000000799030a00 ConcurrentGCThread "G1 Refine Control"         [id=16387, stack(0x000000016b990000,0x000000016bb93000) (2060K)]
  0x0000000799030f00 ConcurrentGCThread "G1 Service"                [id=20995, stack(0x000000016bda8000,0x000000016bfab000) (2060K)]
Total: 11

Threads with active compile tasks:
Total: 0

VM state: not at safepoint (normal execution)

VM Mutex/Monitor currently owned by a thread: None

Heap address: 0x0000000ab9000000, size: 16384 MB, Compressed Oops mode: Non-zero based: 0x0000000ab8800000, Oop shift amount: 3

CDS archive(s) mapped at: [0x0000080000000000-0x0000080000dac000-0x0000080000dac000), size 14336000, SharedBaseAddress: 0x0000080000000000, ArchiveRelocationMode: 1.
Compressed class space mapped at: 0x0000080001000000-0x0000080041000000, reserved size: 1073741824
UseCompressedClassPointers 1, UseCompactObjectHeaders 0
Narrow klass pointer bits 32, Max shift 3
Narrow klass base: 0x0000080000000000, Narrow klass shift: 0
Encoding Range: [0x0000080000000000 - 0x0000080100000000), (4294967296 bytes)
Klass Range:    [0x0000080000000000 - 0x0000080041000000), (1090519040 bytes)
Klass ID Range:  [8 - 1090519033) (1090519025)
Protection zone: [0x0000080000000000 - 0x0000080000004000), (16384 bytes)

GC Precious Log:
 CardTable entry size: 512
 Card Set container configuration: InlinePtr #cards 4 size 8 Array Of Cards #cards 64 size 144 Howl #buckets 8 coarsen threshold 14745 Howl Bitmap #cards 2048 size 272 coarsen threshold 1843 Card regions per heap region 1 cards per card region 16384
 CPUs: 10 total, 10 available
 Memory: 65536M
 Large Page Support: Disabled
 NUMA Support: Disabled
 Compressed Oops: Enabled (Non-zero based)
 Heap Region Size: 8M
 Heap Min Capacity: 8M
 Heap Initial Capacity: 8M
 Heap Max Capacity: 16G
 Pre-touch: Disabled
 Parallel Workers: 9
 Concurrent Workers: 2
 Concurrent Refinement Workers: 9
 Periodic GC: Disabled

Heap:
 garbage-first heap   total reserved 16777216K, committed 106496K, used 14391K [0x0000000ab9000000, 0x0000000eb9000000)
  region size 8M, 3 eden (24M), 1 survivor (8M), 2 old (16M), 0 humongous (0M), 7 free (56M)

Heap Regions: E=young(eden), S=young(survivor), O=old, HS=humongous(starts), HC=humongous(continues), CS=collection set, F=free, TAMS=top-at-mark-start, PB=parsable bottom
|    0|0x0000000ab9000000, 0x0000000ab90e68b0, 0x0000000ab9800000| 11%| S|CS|TAMS 0x0000000ab9000000| PB 0x0000000ab9000000| Complete  |  0
|    1|0x0000000ab9800000, 0x0000000ab9800000, 0x0000000aba000000|  0%| F|  |TAMS 0x0000000ab9800000| PB 0x0000000ab9800000| Untracked |  0
|    2|0x0000000aba000000, 0x0000000aba000000, 0x0000000aba800000|  0%| F|  |TAMS 0x0000000aba000000| PB 0x0000000aba000000| Untracked |  0
|    3|0x0000000aba800000, 0x0000000aba800000, 0x0000000abb000000|  0%| F|  |TAMS 0x0000000aba800000| PB 0x0000000aba800000| Untracked |  0
|    4|0x0000000abb000000, 0x0000000abb000000, 0x0000000abb800000|  0%| F|  |TAMS 0x0000000abb000000| PB 0x0000000abb000000| Untracked |  0
|    5|0x0000000abb800000, 0x0000000abb800000, 0x0000000abc000000|  0%| F|  |TAMS 0x0000000abb800000| PB 0x0000000abb800000| Untracked |  0
|    6|0x0000000abc000000, 0x0000000abc000000, 0x0000000abc800000|  0%| F|  |TAMS 0x0000000abc000000| PB 0x0000000abc000000| Untracked |  0
|    7|0x0000000abc800000, 0x0000000abc800000, 0x0000000abd000000|  0%| F|  |TAMS 0x0000000abc800000| PB 0x0000000abc800000| Untracked |  0
|    8|0x0000000abd000000, 0x0000000abd709e20, 0x0000000abd800000| 87%| E|CS|TAMS 0x0000000abd000000| PB 0x0000000abd000000| Complete  |  0
|    9|0x0000000abd800000, 0x0000000abdf08500, 0x0000000abe000000| 87%| E|CS|TAMS 0x0000000abd800000| PB 0x0000000abd800000| Complete  |  0
|   10|0x0000000abe000000, 0x0000000abe800000, 0x0000000abe800000|100%| E|CS|TAMS 0x0000000abe000000| PB 0x0000000abe000000| Complete  |  0
| 2046|0x0000000eb8000000, 0x0000000eb8404b30, 0x0000000eb8800000| 50%| O|  |TAMS 0x0000000eb8000000| PB 0x0000000eb8000000| Untracked |  0
| 2047|0x0000000eb8800000, 0x0000000eb8922a28, 0x0000000eb9000000| 14%| O|  |TAMS 0x0000000eb8800000| PB 0x0000000eb8800000| Untracked |  0

Card table byte_map: [0x000000012cfe4000,0x000000012efe4000] _byte_map_base: 0x0000000127a1c000
Refinement table byte_map: [0x000000012afe4000,0x000000012cfe4000] _byte_map_base: 0x0000000125a1c000

Marking Bits: (CMBitMap*) 0x0000000105554330
 Bits: [0x000000012efe4000, 0x000000013efe4000)

Polling page: 0x0000000104d54000

Metaspace:
Metaspace        used 9046K, committed 9280K, reserved 1114112K
 class space     used 1035K, committed 1152K, reserved 1048576K

Usage:
  Non-class:      7.82 MB used.
      Class:      1.01 MB used.
       Both:      8.83 MB used.

Virtual space:
  Non-class space:       64.00 MB reserved,       7.94 MB ( 12%) committed,  1 nodes.
      Class space:        1.00 GB reserved,       1.12 MB ( <1%) committed,  1 nodes.
             Both:        1.06 GB reserved,       9.06 MB ( <1%) committed. 

Chunk freelists:
   Non-Class:  7.84 MB
       Class:  14.92 MB
        Both:  22.77 MB

MaxMetaspaceSize: unlimited
CompressedClassSpaceSize: 1.00 GB
Initial GC threshold: 21.00 MB
Current GC threshold: 21.00 MB
CDS: on
 - commit_granule_bytes: 65536.
 - commit_granule_words: 8192.
 - virtual_space_node_default_size: 8388608.
 - enlarge_chunks_in_place: 1.
UseCompressedClassPointers 1, UseCompactObjectHeaders 0
Narrow klass pointer bits 32, Max shift 3
Narrow klass base: 0x0000080000000000, Narrow klass shift: 0
Encoding Range: [0x0000080000000000 - 0x0000080100000000), (4294967296 bytes)
Klass Range:    [0x0000080000000000 - 0x0000080041000000), (1090519040 bytes)
Klass ID Range:  [8 - 1090519033) (1090519025)
Protection zone: [0x0000080000000000 - 0x0000080000004000), (16384 bytes)


Internal statistics:

num_allocs_failed_limit: 0.
num_arena_births: 98.
num_arena_deaths: 0.
num_vsnodes_births: 2.
num_vsnodes_deaths: 0.
num_space_committed: 145.
num_space_uncommitted: 0.
num_chunks_returned_to_freelist: 0.
num_chunks_taken_from_freelist: 325.
num_chunk_merges: 0.
num_chunk_splits: 188.
num_chunks_enlarged: 129.
num_inconsistent_stats: 0.

CodeHeap 'non-profiled nmethods': size=120032Kb used=328Kb max_used=328Kb free=119703Kb
 bounds [0x0000000121aac000, 0x0000000121d1c000, 0x0000000128fe4000]
CodeHeap 'profiled nmethods': size=120032Kb used=2439Kb max_used=2439Kb free=117593Kb
 bounds [0x0000000119fe0000, 0x000000011a250000, 0x0000000121518000]
CodeHeap 'non-nmethods': size=5712Kb used=1306Kb max_used=1322Kb free=4405Kb
 bounds [0x0000000121518000, 0x0000000121788000, 0x0000000121aac000]
CodeCache: size=245776Kb, used=4073Kb, max_used=4089Kb, free=241701Kb
 total_blobs=2138, nmethods=1622, adapters=425, full_count=0
Compilation: enabled, stopped_count=0, restarted_count=0

Compilation events (20 events):
Event: 3.360 Thread 0x0000000798c69e00 nmethod 1625 0x000000011a23ed08 code [0x000000011a23ee00, 0x000000011a2408c0]
Event: 3.361 Thread 0x0000000798ee1400 1633       4       sun.java2d.cmm.lcms.LCMSImageLayout::getBytesPerPixel (26 bytes)
Event: 3.361 Thread 0x0000000798ee1400 nmethod 1633 0x0000000121afbb48 code [0x0000000121afbc40, 0x0000000121afbcb0]
Event: 3.361 Thread 0x0000000798ee1400 1634       4       sun.awt.image.ByteInterleavedRaster::getDataOffset (7 bytes)
Event: 3.361 Thread 0x0000000798ee1400 nmethod 1634 0x0000000121afbcc8 code [0x0000000121afbdc0, 0x0000000121afbe98]
Event: 3.366 Thread 0x0000000798c69400 nmethod 1631 0x0000000121afbec8 code [0x0000000121afbfc0, 0x0000000121afc750]
Event: 3.367 Thread 0x0000000798ee1400 1639       4       java.awt.color.ICC_Profile::intFromBigEndian (47 bytes)
Event: 3.368 Thread 0x0000000798ee1400 nmethod 1639 0x0000000121afc788 code [0x0000000121afc880, 0x0000000121afc978]
Event: 3.371 Thread 0x0000000798ee1400 1641       4       java.util.Objects::checkFromIndexSize (8 bytes)
Event: 3.371 Thread 0x0000000798c69e00 1642       3       com.sun.imageio.plugins.jpeg.JPEGBuffer::loadBuf (197 bytes)
Event: 3.371 Thread 0x0000000798ee1400 nmethod 1641 0x0000000121afc988 code [0x0000000121afca80, 0x0000000121afcb48]
Event: 3.371 Thread 0x0000000798c69e00 nmethod 1642 0x000000011a240908 code [0x000000011a240a00, 0x000000011a241848]
Event: 3.372 Thread 0x0000000798c69400 1643 %     4       com.sun.imageio.plugins.jpeg.JPEGBuffer::scanForFF @ 8 (162 bytes)
Event: 3.374 Thread 0x0000000798ee1400 1644       4       sun.awt.image.ByteInterleavedRaster::getByteData (851 bytes)
Event: 3.379 Thread 0x0000000798c69400 nmethod 1643% 0x0000000121afcb88 code [0x0000000121afcc80, 0x0000000121afd440]
Event: 3.381 Thread 0x0000000798ee1400 nmethod 1644 0x0000000121afd488 code [0x0000000121afd580, 0x0000000121afde90]
Event: 3.385 Thread 0x0000000798c69400 1645       4       java.util.Arrays::copyOf (33 bytes)
Event: 3.386 Thread 0x0000000798c69400 nmethod 1645 0x0000000121afdec8 code [0x0000000121afdfc0, 0x0000000121afe298]
Event: 3.387 Thread 0x0000000798c69e00 1646       3       java.lang.reflect.Executable::isVarArgs (17 bytes)
Event: 3.387 Thread 0x0000000798c69e00 nmethod 1646 0x000000011a241888 code [0x000000011a241980, 0x000000011a241bc8]

GC Heap Usage History (6 events):
Event: 0.111 {heap Before GC invocations=0 (full 0):
 garbage-first heap   total reserved 16777216K, committed 16384K, used 9354K [0x0000000ab9000000, 0x0000000eb9000000)
  region size 8M, 1 eden (8M), 0 survivor (0M), 1 old (8M), 0 humongous (0M), 0 free (0M)
}
Event: 0.113 {heap After GC invocations=1 (full 0):
 garbage-first heap   total reserved 16777216K, committed 24576K, used 5519K [0x0000000ab9000000, 0x0000000eb9000000)
  region size 8M, 0 eden (0M), 1 survivor (8M), 1 old (8M), 0 humongous (0M), 1 free (8M)
}
Event: 0.183 {heap Before GC invocations=1 (full 0):
 garbage-first heap   total reserved 16777216K, committed 24576K, used 13711K [0x0000000ab9000000, 0x0000000eb9000000)
  region size 8M, 1 eden (8M), 1 survivor (8M), 1 old (8M), 0 humongous (0M), 0 free (0M)
}
Event: 0.185 {heap After GC invocations=2 (full 0):
 garbage-first heap   total reserved 16777216K, committed 40960K, used 5897K [0x0000000ab9000000, 0x0000000eb9000000)
  region size 8M, 0 eden (0M), 1 survivor (8M), 2 old (16M), 0 humongous (0M), 2 free (16M)
}
Event: 0.247 {heap Before GC invocations=2 (full 0):
 garbage-first heap   total reserved 16777216K, committed 40960K, used 14089K [0x0000000ab9000000, 0x0000000eb9000000)
  region size 8M, 1 eden (8M), 1 survivor (8M), 2 old (16M), 0 humongous (0M), 1 free (8M)
}
Event: 0.248 {heap After GC invocations=3 (full 0):
 garbage-first heap   total reserved 16777216K, committed 106496K, used 6199K [0x0000000ab9000000, 0x0000000eb9000000)
  region size 8M, 0 eden (0M), 1 survivor (8M), 2 old (16M), 0 humongous (0M), 10 free (80M)
}

Metaspace Usage History (6 events):
Event: 0.111 {metaspace Before GC invocations=0 (full 0):
 Metaspace       used 2400K, committed 2560K, reserved 1114112K
  class space    used 217K, committed 320K, reserved 1048576K
}
Event: 0.113 {metaspace After GC invocations=1 (full 0):
 Metaspace       used 2400K, committed 2560K, reserved 1114112K
  class space    used 217K, committed 320K, reserved 1048576K
}
Event: 0.183 {metaspace Before GC invocations=1 (full 0):
 Metaspace       used 4089K, committed 4288K, reserved 1114112K
  class space    used 443K, committed 512K, reserved 1048576K
}
Event: 0.185 {metaspace After GC invocations=2 (full 0):
 Metaspace       used 4089K, committed 4288K, reserved 1114112K
  class space    used 443K, committed 512K, reserved 1048576K
}
Event: 0.247 {metaspace Before GC invocations=2 (full 0):
 Metaspace       used 5253K, committed 5440K, reserved 1114112K
  class space    used 650K, committed 704K, reserved 1048576K
}
Event: 0.248 {metaspace After GC invocations=3 (full 0):
 Metaspace       used 5253K, committed 5440K, reserved 1114112K
  class space    used 650K, committed 704K, reserved 1048576K
}

Dll operation events (20 events):
Event: 0.042 Attempting to load shared library /opt/homebrew/Cellar/openjdk/26.0.1/libexec/openjdk.jdk/Contents/Home/lib/libmanagement.dylib
Event: 0.043 Loaded shared library /opt/homebrew/Cellar/openjdk/26.0.1/libexec/openjdk.jdk/Contents/Home/lib/libmanagement.dylib
Event: 0.044 Attempting to load shared library /opt/homebrew/Cellar/openjdk/26.0.1/libexec/openjdk.jdk/Contents/Home/lib/libmanagement_ext.dylib
Event: 0.045 Loaded shared library /opt/homebrew/Cellar/openjdk/26.0.1/libexec/openjdk.jdk/Contents/Home/lib/libmanagement_ext.dylib
Event: 0.073 Attempting to load shared library /opt/homebrew/Cellar/openjdk/26.0.1/libexec/openjdk.jdk/Contents/Home/lib/libverify.dylib
Event: 0.073 Loaded shared library /opt/homebrew/Cellar/openjdk/26.0.1/libexec/openjdk.jdk/Contents/Home/lib/libverify.dylib
Event: 0.083 Attempting to load shared library /opt/homebrew/Cellar/openjdk/26.0.1/libexec/openjdk.jdk/Contents/Home/lib/libjimage.dylib
Event: 0.083 Loaded shared library /opt/homebrew/Cellar/openjdk/26.0.1/libexec/openjdk.jdk/Contents/Home/lib/libjimage.dylib
Event: 0.297 Attempting to load shared library /opt/homebrew/Cellar/openjdk/26.0.1/libexec/openjdk.jdk/Contents/Home/lib/libjavajpeg.dylib
Event: 0.298 Loaded shared library /opt/homebrew/Cellar/openjdk/26.0.1/libexec/openjdk.jdk/Contents/Home/lib/libjavajpeg.dylib
Event: 0.298 Attempting to load shared library /opt/homebrew/Cellar/openjdk/26.0.1/libexec/openjdk.jdk/Contents/Home/lib/libawt.dylib
Event: 0.299 Loaded shared library /opt/homebrew/Cellar/openjdk/26.0.1/libexec/openjdk.jdk/Contents/Home/lib/libawt.dylib
Event: 0.299 Attempting to load shared library /opt/homebrew/Cellar/openjdk/26.0.1/libexec/openjdk.jdk/Contents/Home/lib/libawt_lwawt.dylib
Event: 0.301 Loaded shared library /opt/homebrew/Cellar/openjdk/26.0.1/libexec/openjdk.jdk/Contents/Home/lib/libawt_lwawt.dylib
Event: 0.308 Attempting to load shared library /opt/homebrew/Cellar/openjdk/26.0.1/libexec/openjdk.jdk/Contents/Home/lib/liblcms.dylib
Event: 0.309 Loaded shared library /opt/homebrew/Cellar/openjdk/26.0.1/libexec/openjdk.jdk/Contents/Home/lib/liblcms.dylib
Event: 0.323 Attempting to load shared library /opt/homebrew/Cellar/openjdk/26.0.1/libexec/openjdk.jdk/Contents/Home/lib/libnet.dylib
Event: 0.323 Loaded shared library /opt/homebrew/Cellar/openjdk/26.0.1/libexec/openjdk.jdk/Contents/Home/lib/libnet.dylib
Event: 0.332 Attempting to load shared library /Users/lingjinsuo/Library/Caches/JNA/temp/jna3657636357078147323.tmp
Event: 0.533 Loaded shared library /Users/lingjinsuo/Library/Caches/JNA/temp/jna3657636357078147323.tmp

Deoptimization events (20 events):
Event: 3.365 Thread 0x0000000105548ac0 DEOPT PACKING pc=0x000000011a22b738 sp=0x000000016b35f3e0
Event: 3.365 Thread 0x0000000105548ac0 DEOPT UNPACKING pc=0x00000001215553bc sp=0x000000016b35f070 mode 0
Event: 3.365 Thread 0x0000000105548ac0 DEOPT PACKING pc=0x000000011a22b738 sp=0x000000016b35f3e0
Event: 3.365 Thread 0x0000000105548ac0 DEOPT UNPACKING pc=0x00000001215553bc sp=0x000000016b35f070 mode 0
Event: 3.365 Thread 0x0000000105548ac0 DEOPT PACKING pc=0x000000011a22b738 sp=0x000000016b35f3e0
Event: 3.365 Thread 0x0000000105548ac0 DEOPT UNPACKING pc=0x00000001215553bc sp=0x000000016b35f070 mode 0
Event: 3.365 Thread 0x0000000105548ac0 DEOPT PACKING pc=0x000000011a22b738 sp=0x000000016b35f3e0
Event: 3.365 Thread 0x0000000105548ac0 DEOPT UNPACKING pc=0x00000001215553bc sp=0x000000016b35f070 mode 0
Event: 3.365 Thread 0x0000000105548ac0 DEOPT PACKING pc=0x000000011a22b738 sp=0x000000016b35f3e0
Event: 3.365 Thread 0x0000000105548ac0 DEOPT UNPACKING pc=0x00000001215553bc sp=0x000000016b35f070 mode 0
Event: 3.365 Thread 0x0000000105548ac0 DEOPT PACKING pc=0x000000011a22b738 sp=0x000000016b35f3e0
Event: 3.365 Thread 0x0000000105548ac0 DEOPT UNPACKING pc=0x00000001215553bc sp=0x000000016b35f070 mode 0
Event: 3.366 Thread 0x0000000105548ac0 DEOPT PACKING pc=0x000000011a22b738 sp=0x000000016b35f3e0
Event: 3.366 Thread 0x0000000105548ac0 DEOPT UNPACKING pc=0x00000001215553bc sp=0x000000016b35f070 mode 0
Event: 3.366 Thread 0x0000000105548ac0 DEOPT PACKING pc=0x000000011a22b738 sp=0x000000016b35f3e0
Event: 3.366 Thread 0x0000000105548ac0 DEOPT UNPACKING pc=0x00000001215553bc sp=0x000000016b35f070 mode 0
Event: 3.366 Thread 0x0000000105548ac0 DEOPT PACKING pc=0x000000011a22b738 sp=0x000000016b35f3e0
Event: 3.366 Thread 0x0000000105548ac0 DEOPT UNPACKING pc=0x00000001215553bc sp=0x000000016b35f070 mode 0
Event: 3.366 Thread 0x0000000105548ac0 DEOPT PACKING pc=0x000000011a22b738 sp=0x000000016b35f3e0
Event: 3.366 Thread 0x0000000105548ac0 DEOPT UNPACKING pc=0x00000001215553bc sp=0x000000016b35f070 mode 0

Classes loaded (20 events):
Event: 3.372 Loading class com/sun/imageio/plugins/jpeg/SOSMarkerSegment$ScanComponentSpec
Event: 3.372 Loading class com/sun/imageio/plugins/jpeg/SOSMarkerSegment$ScanComponentSpec done
Event: 3.373 Loading class com/sun/imageio/plugins/jpeg/AdobeMarkerSegment
Event: 3.373 Loading class com/sun/imageio/plugins/jpeg/AdobeMarkerSegment done
Event: 3.373 Loading class javax/imageio/IIOImage
Event: 3.373 Loading class javax/imageio/IIOImage done
Event: 3.384 Loading class java/nio/DirectByteBuffer$Deallocator
Event: 3.384 Loading class java/nio/DirectByteBuffer$Deallocator done
Event: 3.384 Loading class java/nio/BufferCleaner
Event: 3.384 Loading class java/nio/BufferCleaner done
Event: 3.384 Loading class java/nio/BufferCleaner$CleanerList
Event: 3.384 Loading class java/nio/BufferCleaner$CleanerList done
Event: 3.384 Loading class java/nio/BufferCleaner$CleanerList$Node
Event: 3.384 Loading class java/nio/BufferCleaner$CleanerList$Node done
Event: 3.384 Loading class java/nio/BufferCleaner$PhantomCleaner
Event: 3.385 Loading class sun/nio/Cleaner
Event: 3.385 Loading class sun/nio/Cleaner done
Event: 3.385 Loading class java/nio/BufferCleaner$PhantomCleaner done
Event: 3.385 Loading class java/nio/BufferCleaner$CleaningRunnable
Event: 3.385 Loading class java/nio/BufferCleaner$CleaningRunnable done

Classes unloaded (0 events):
No events

Classes redefined (0 events):
No events

Internal exceptions (20 events):
Event: 0.191 Thread 0x0000000105548ac0 Exception <a 'java/lang/NoSuchMethodError'{0x0000000ab98a1038}: 'void java.lang.invoke.DirectMethodHandle$Holder.invokeInterface(java.lang.Object, java.lang.Object, java.lang.Object, java.lang.Object, java.lang.Object)'> (0x0000000ab98a1038) 
thrown [src/hotspot/share/interpreter/linkResolver.cpp, line 804]
Event: 0.191 Thread 0x0000000105548ac0 Exception <a 'java/lang/IncompatibleClassChangeError'{0x0000000ab98a9170}: Found class java.lang.Object, but interface was expected> (0x0000000ab98a9170) 
thrown [src/hotspot/share/interpreter/linkResolver.cpp, line 871]
Event: 0.194 Thread 0x0000000105548ac0 Exception <a 'java/lang/IncompatibleClassChangeError'{0x0000000ab98fe4a0}: Found class java.lang.Object, but interface was expected> (0x0000000ab98fe4a0) 
thrown [src/hotspot/share/interpreter/linkResolver.cpp, line 871]
Event: 0.195 Thread 0x0000000105548ac0 Exception <a 'java/lang/NoSuchMethodError'{0x0000000ab992d880}: 'java.lang.Object java.lang.invoke.DirectMethodHandle$Holder.invokeStatic(java.lang.Object, java.lang.Object, int)'> (0x0000000ab992d880) 
thrown [src/hotspot/share/interpreter/linkResolver.cpp, line 804]
Event: 0.200 Thread 0x0000000105548ac0 Exception <a 'java/lang/NoSuchMethodError'{0x0000000ab99e6fd8}: 'void java.lang.invoke.DirectMethodHandle$Holder.invokeSpecial(java.lang.Object, java.lang.Object, java.lang.Object, java.lang.Object, java.lang.Object)'> (0x0000000ab99e6fd8) 
thrown [src/hotspot/share/interpreter/linkResolver.cpp, line 804]
Event: 0.201 Thread 0x0000000105548ac0 Exception <a 'java/lang/NoSuchMethodError'{0x0000000ab9a112e0}: 'void java.lang.invoke.DirectMethodHandle$Holder.invokeStatic(java.lang.Object, java.lang.Object, java.lang.Object, java.lang.Object)'> (0x0000000ab9a112e0) 
thrown [src/hotspot/share/interpreter/linkResolver.cpp, line 804]
Event: 0.203 Thread 0x0000000105548ac0 Exception <a 'java/lang/NoSuchMethodError'{0x0000000ab9a6bc90}: 'void java.lang.invoke.DirectMethodHandle$Holder.invokeStatic(java.lang.Object, java.lang.Object)'> (0x0000000ab9a6bc90) 
thrown [src/hotspot/share/interpreter/linkResolver.cpp, line 804]
Event: 0.210 Thread 0x0000000105548ac0 Exception <a 'java/lang/NoSuchMethodError'{0x0000000ab9b39a88}: 'void java.lang.invoke.DirectMethodHandle$Holder.invokeInterface(java.lang.Object, java.lang.Object, java.lang.Object, java.lang.Object)'> (0x0000000ab9b39a88) 
thrown [src/hotspot/share/interpreter/linkResolver.cpp, line 804]
Event: 0.210 Thread 0x0000000105548ac0 Exception <a 'java/lang/IncompatibleClassChangeError'{0x0000000ab9b41878}: Found class java.lang.Object, but interface was expected> (0x0000000ab9b41878) 
thrown [src/hotspot/share/interpreter/linkResolver.cpp, line 871]
Event: 0.214 Thread 0x0000000105548ac0 Exception <a 'java/lang/NoSuchMethodError'{0x0000000ab9bb11c8}: 'int java.lang.invoke.DirectMethodHandle$Holder.invokeStatic(java.lang.Object, java.lang.Object, java.lang.Object, java.lang.Object)'> (0x0000000ab9bb11c8) 
thrown [src/hotspot/share/interpreter/linkResolver.cpp, line 804]
Event: 0.216 Thread 0x0000000105548ac0 Exception <a 'java/lang/NoSuchMethodError'{0x0000000ab9bd3a38}: 'int java.lang.invoke.DirectMethodHandle$Holder.invokeStatic(java.lang.Object, java.lang.Object, java.lang.Object, java.lang.Object, java.lang.Object)'> (0x0000000ab9bd3a38) 
thrown [src/hotspot/share/interpreter/linkResolver.cpp, line 804]
Event: 0.219 Thread 0x0000000105548ac0 Exception <a 'java/lang/NoSuchMethodError'{0x0000000ab9c2c7c0}: 'void java.lang.invoke.DirectMethodHandle$Holder.invokeStaticInit(java.lang.Object)'> (0x0000000ab9c2c7c0) 
thrown [src/hotspot/share/interpreter/linkResolver.cpp, line 804]
Event: 0.228 Thread 0x0000000105548ac0 Exception <a 'java/lang/NoSuchMethodError'{0x0000000ab9d6f4e8}: 'int java.lang.invoke.DirectMethodHandle$Holder.invokeStaticInit(java.lang.Object, java.lang.Object)'> (0x0000000ab9d6f4e8) 
thrown [src/hotspot/share/interpreter/linkResolver.cpp, line 804]
Event: 0.242 Thread 0x0000000105548ac0 Exception <a 'java/lang/NoSuchMethodError'{0x0000000ab9f585c0}: 'java.lang.Object java.lang.invoke.DirectMethodHandle$Holder.newInvokeSpecial(java.lang.Object, java.lang.Object, java.lang.Object, java.lang.Object, java.lang.Object, java.lang.Object, java.lang.Object)'> (0x0000000ab9f585c0) 
thrown [src/hotspot/share/interpreter/linkResolver.cpp, line 804]
Event: 0.242 Thread 0x0000000105548ac0 Exception <a 'java/lang/NoSuchMethodError'{0x0000000ab9f69df8}: 'java.lang.Object java.lang.invoke.DirectMethodHandle$Holder.invokeInterface(java.lang.Object, java.lang.Object, java.lang.Object, java.lang.Object, java.lang.Object)'> (0x0000000ab9f69df8) 
thrown [src/hotspot/share/interpreter/linkResolver.cpp, line 804]
Event: 0.243 Thread 0x0000000105548ac0 Exception <a 'java/lang/IncompatibleClassChangeError'{0x0000000ab9f72270}: Found class java.lang.Object, but interface was expected> (0x0000000ab9f72270) 
thrown [src/hotspot/share/interpreter/linkResolver.cpp, line 871]
Event: 0.253 Thread 0x0000000105548ac0 Exception <a 'java/lang/NoSuchMethodError'{0x0000000abe0b6720}: 'void java.lang.invoke.DirectMethodHandle$Holder.invokeVirtual(java.lang.Object, java.lang.Object)'> (0x0000000abe0b6720) 
thrown [src/hotspot/share/interpreter/linkResolver.cpp, line 804]
Event: 0.303 Thread 0x0000000105548ac0 Exception <a 'java/lang/ClassNotFoundException'{0x0000000abe4b28a0}: sun/awt/resources/spi/awtProvider> (0x0000000abe4b28a0) 
thrown [src/hotspot/share/classfile/systemDictionary.cpp, line 329]
Event: 0.305 Thread 0x0000000105548ac0 Exception <a 'java/io/FileNotFoundException'{0x0000000abe4d17c0}> (0x0000000abe4d17c0) 
thrown [src/hotspot/share/prims/jni.cpp, line 514]
Event: 0.306 Thread 0x0000000105548ac0 Exception <a 'java/io/FileNotFoundException'{0x0000000abe4e3c90}> (0x0000000abe4e3c90) 
thrown [src/hotspot/share/prims/jni.cpp, line 514]

VM Operations (20 events):
Event: 0.160 Executing non-safepoint VM operation: HandshakeAllThreads (Deoptimize)
Event: 0.160 Executing non-safepoint VM operation: HandshakeAllThreads (Deoptimize) done
Event: 0.183 Executing safepoint VM operation: G1CollectForAllocation (G1 Evacuation Pause)
Event: 0.185 Executing safepoint VM operation: G1CollectForAllocation (G1 Evacuation Pause) done
Event: 0.243 Executing non-safepoint VM operation: HandshakeAllThreads (Deoptimize)
Event: 0.243 Executing non-safepoint VM operation: HandshakeAllThreads (Deoptimize) done
Event: 0.247 Executing safepoint VM operation: G1CollectForAllocation (G1 Evacuation Pause)
Event: 0.248 Executing safepoint VM operation: G1CollectForAllocation (G1 Evacuation Pause) done
Event: 0.270 Executing non-safepoint VM operation: HandshakeAllThreads (Deoptimize)
Event: 0.270 Executing non-safepoint VM operation: HandshakeAllThreads (Deoptimize) done
Event: 0.296 Executing non-safepoint VM operation: HandshakeAllThreads (Deoptimize)
Event: 0.296 Executing non-safepoint VM operation: HandshakeAllThreads (Deoptimize) done
Event: 0.302 Executing non-safepoint VM operation: HandshakeAllThreads (Deoptimize)
Event: 0.302 Executing non-safepoint VM operation: HandshakeAllThreads (Deoptimize) done
Event: 0.322 Executing non-safepoint VM operation: HandshakeAllThreads (Deoptimize)
Event: 0.322 Executing non-safepoint VM operation: HandshakeAllThreads (Deoptimize) done
Event: 0.539 Executing non-safepoint VM operation: HandshakeAllThreads (Deoptimize)
Event: 0.539 Executing non-safepoint VM operation: HandshakeAllThreads (Deoptimize) done
Event: 3.371 Executing non-safepoint VM operation: HandshakeAllThreads (Deoptimize)
Event: 3.371 Executing non-safepoint VM operation: HandshakeAllThreads (Deoptimize) done

Memory protections (20 events):
Event: 0.007 Protecting memory [0x0000000ab8800000,0x0000000ab9000000] with protection modes 0
Event: 0.010 Protecting memory [0x0000080000000000,0x0000080000004000] with protection modes 0
Event: 0.020 Protecting memory [0x000000016c4e4000,0x000000016c4f0000] with protection modes 0
Event: 0.020 Protecting memory [0x000000016c6f0000,0x000000016c6fc000] with protection modes 0
Event: 0.020 Protecting memory [0x000000016c8fc000,0x000000016c908000] with protection modes 0
Event: 0.020 Protecting memory [0x000000016cb08000,0x000000016cb14000] with protection modes 0
Event: 0.020 Protecting memory [0x000000016cd14000,0x000000016cd20000] with protection modes 0
Event: 0.020 Protecting memory [0x000000016cf20000,0x000000016cf2c000] with protection modes 0
Event: 0.020 Protecting memory [0x000000016d12c000,0x000000016d138000] with protection modes 0
Event: 0.023 Protecting memory [0x000000016d338000,0x000000016d344000] with protection modes 0
Event: 0.024 Protecting memory [0x000000016d544000,0x000000016d550000] with protection modes 0
Event: 0.039 Protecting memory [0x000000016d750000,0x000000016d75c000] with protection modes 0
Event: 0.070 Protecting memory [0x000000016d95c000,0x000000016d968000] with protection modes 0
Event: 0.081 Protecting memory [0x000000016db68000,0x000000016db74000] with protection modes 0
Event: 0.082 Protecting memory [0x000000016dba8000,0x000000016dbb4000] with protection modes 0
Event: 0.301 Protecting memory [0x000000016e3d8000,0x000000016e3e4000] with protection modes 0
Event: 0.535 Protecting memory [0x000000016dba8000,0x000000016dbb4000] with protection modes 3
Event: 3.315 Protecting memory [0x000000016dba8000,0x000000016dbb4000] with protection modes 0
Event: 3.323 Protecting memory [0x000000016e5e4000,0x000000016e5f0000] with protection modes 0
Event: 3.385 Protecting memory [0x000000016e7f0000,0x000000016e7fc000] with protection modes 0

Nmethod flushes (0 events):
No events

Events (19 events):
Event: 0.010 Thread 0x0000000105548ac0 Thread added: 0x0000000105548ac0
Event: 0.020 Thread 0x0000000105548ac0 Thread added: 0x00000007988bf000
Event: 0.020 Thread 0x0000000105548ac0 Thread added: 0x00000007988bf800
Event: 0.020 Thread 0x0000000105548ac0 Thread added: 0x0000000798cd4000
Event: 0.020 Thread 0x0000000105548ac0 Thread added: 0x0000000798cd4800
Event: 0.020 Thread 0x0000000105548ac0 Thread added: 0x0000000798cd5000
Event: 0.020 Thread 0x0000000105548ac0 Thread added: 0x0000000798c69400
Event: 0.020 Thread 0x0000000105548ac0 Thread added: 0x0000000798c69e00
Event: 0.023 Thread 0x0000000105548ac0 Thread added: 0x0000000798cd5800
Event: 0.024 Thread 0x0000000105548ac0 Thread added: 0x0000000798cd6000
Event: 0.039 Thread 0x0000000105548ac0 Thread added: 0x0000000798cd7000
Event: 0.070 Thread 0x0000000105548ac0 Thread added: 0x0000000798cd7800
Event: 0.081 Thread 0x0000000798cd7800 Thread added: 0x0000000798d60000
Event: 0.082 Thread 0x0000000798c69e00 Thread added: 0x0000000798c6b200
Event: 0.301 Thread 0x0000000105548ac0 Thread added: 0x0000000798f38000
Event: 0.535 Thread 0x0000000798c6b200 Thread exited: 0x0000000798c6b200
Event: 3.315 Thread 0x0000000105548ac0 Thread added: 0x0000000798b06000
Event: 3.323 Thread 0x0000000798c69e00 Thread added: 0x0000000798ee1400
Event: 3.385 Thread 0x0000000105548ac0 Thread added: 0x0000000798f3b000


Dynamic libraries:
0x0000000104d60000 	/opt/homebrew/Cellar/openjdk/26.0.1/libexec/openjdk.jdk/Contents/Home/lib/libjli.dylib
0x0000000190fc0000 	/usr/lib/libz.1.dylib
0x0000000191076000 	/usr/lib/libSystem.B.dylib
0x0000000191070000 	/usr/lib/system/libcache.dylib
0x000000019102b000 	/usr/lib/system/libcommonCrypto.dylib
0x0000000191056000 	/usr/lib/system/libcompiler_rt.dylib
0x000000019104b000 	/usr/lib/system/libcopyfile.dylib
0x0000000180f98000 	/usr/lib/system/libcorecrypto.dylib
0x0000000181097000 	/usr/lib/system/libdispatch.dylib
0x0000000180e43000 	/usr/lib/system/libdyld.dylib
0x0000000191066000 	/usr/lib/system/libkeymgr.dylib
0x000000019100e000 	/usr/lib/system/libmacho.dylib
0x00000001902ab000 	/usr/lib/system/libquarantine.dylib
0x0000000191063000 	/usr/lib/system/libremovefile.dylib
0x00000001879fa000 	/usr/lib/system/libsystem_asl.dylib
0x0000000180f1e000 	/usr/lib/system/libsystem_blocks.dylib
0x00000001810e2000 	/usr/lib/system/libsystem_c.dylib
0x000000019105a000 	/usr/lib/system/libsystem_collections.dylib
0x000000018ec60000 	/usr/lib/system/libsystem_configuration.dylib
0x000000018d850000 	/usr/lib/system/libsystem_containermanager.dylib
0x0000000190a4a000 	/usr/lib/system/libsystem_coreservices.dylib
0x0000000185228000 	/usr/lib/system/libsystem_darwin.dylib
0x0000000285636000 	/usr/lib/system/libsystem_darwindirectory.dylib
0x0000000191067000 	/usr/lib/system/libsystem_dnssd.dylib
0x000000028563a000 	/usr/lib/system/libsystem_eligibility.dylib
0x00000001810df000 	/usr/lib/system/libsystem_featureflags.dylib
0x0000000181263000 	/usr/lib/system/libsystem_info.dylib
0x0000000190fcf000 	/usr/lib/system/libsystem_m.dylib
0x0000000181046000 	/usr/lib/system/libsystem_malloc.dylib
0x000000018795d000 	/usr/lib/system/libsystem_networkextension.dylib
0x0000000185693000 	/usr/lib/system/libsystem_notify.dylib
0x000000018ec65000 	/usr/lib/system/libsystem_sandbox.dylib
0x0000000285644000 	/usr/lib/system/libsystem_sanitizers.dylib
0x000000019105f000 	/usr/lib/system/libsystem_secinit.dylib
0x000000018120f000 	/usr/lib/system/libsystem_kernel.dylib
0x000000018125a000 	/usr/lib/system/libsystem_platform.dylib
0x000000018124d000 	/usr/lib/system/libsystem_pthread.dylib
0x00000001895b5000 	/usr/lib/system/libsystem_symptoms.dylib
0x0000000180f77000 	/usr/lib/system/libsystem_trace.dylib
0x000000028564c000 	/usr/lib/system/libsystem_trial.dylib
0x0000000191039000 	/usr/lib/system/libunwind.dylib
0x0000000180f22000 	/usr/lib/system/libxpc.dylib
0x0000000180df0000 	/usr/lib/libobjc.A.dylib
0x0000000181293000 	/System/Library/Frameworks/CoreFoundation.framework/Versions/A/CoreFoundation
0x00000001948df000 	/usr/lib/swift/libswiftCore.dylib
0x00000001811f4000 	/usr/lib/libc++abi.dylib
0x0000000283959000 	/usr/lib/libRosetta.dylib
0x0000000181163000 	/usr/lib/libc++.1.dylib
0x0000000182aff000 	/System/Library/Frameworks/Foundation.framework/Versions/C/Foundation
0x000000019e43d000 	/usr/lib/swift/libswiftObjectiveC.dylib
0x0000000284ea1000 	/usr/lib/libswiftPrespecialized.dylib
0x000000018276e000 	/System/Library/Frameworks/SystemConfiguration.framework/Versions/A/SystemConfiguration
0x000000018bad2000 	/System/Library/PrivateFrameworks/CoreAutoLayout.framework/Versions/A/CoreAutoLayout
0x0000000191078000 	/usr/lib/libfakelink.dylib
0x000000019129e000 	/usr/lib/libcompression.dylib
0x00000001875a8000 	/System/Library/Frameworks/CFNetwork.framework/Versions/A/CFNetwork
0x000000018af02000 	/System/Library/Frameworks/DiskArbitration.framework/Versions/A/DiskArbitration
0x00000001910cb000 	/usr/lib/libarchive.2.dylib
0x000000018ae07000 	/usr/lib/libDiagnosticMessagesClient.dylib
0x0000000184f52000 	/usr/lib/libicucore.A.dylib
0x000000018bb1b000 	/usr/lib/libxml2.2.dylib
0x000000019970a000 	/System/Library/Frameworks/CoreServices.framework/Versions/A/CoreServices
0x000000018ec73000 	/usr/lib/liblangid.dylib
0x00000001855aa000 	/System/Library/Frameworks/IOKit.framework/Versions/A/IOKit
0x00000001973c3000 	/System/Library/Frameworks/Combine.framework/Versions/A/Combine
0x000000023953b000 	/System/Library/PrivateFrameworks/CollectionsInternal.framework/Versions/A/CollectionsInternal
0x0000000264e4d000 	/System/Library/PrivateFrameworks/ReflectionInternal.framework/Versions/A/ReflectionInternal
0x0000000265d95000 	/System/Library/PrivateFrameworks/RuntimeInternal.framework/Versions/A/RuntimeInternal
0x000000019107a000 	/System/Library/PrivateFrameworks/SoftLinking.framework/Versions/A/SoftLinking
0x00000001ae468000 	/usr/lib/swift/libswiftCoreFoundation.dylib
0x00000001ab312000 	/usr/lib/swift/libswiftDarwin.dylib
0x000000019b46a000 	/usr/lib/swift/libswiftDispatch.dylib
0x00000001ae4c9000 	/usr/lib/swift/libswiftIOKit.dylib
0x00000002852e3000 	/usr/lib/swift/libswiftSystem.dylib
0x00000001ae47b000 	/usr/lib/swift/libswiftXPC.dylib
0x0000000285315000 	/usr/lib/swift/libswift_Builtin_float.dylib
0x0000000285316000 	/usr/lib/swift/libswift_Concurrency.dylib
0x00000002853a2000 	/usr/lib/swift/libswift_DarwinFoundation1.dylib
0x0000000285446000 	/usr/lib/swift/libswift_StringProcessing.dylib
0x000000019e441000 	/usr/lib/swift/libswiftos.dylib
0x000000018552a000 	/System/Library/PrivateFrameworks/CoreServicesInternal.framework/Versions/A/CoreServicesInternal
0x0000000191043000 	/usr/lib/liboah.dylib
0x0000000184b34000 	/System/Library/Frameworks/Security.framework/Versions/A/Security
0x000000019d875000 	/System/Library/PrivateFrameworks/DiskImages.framework/Versions/A/DiskImages
0x00000001aadb8000 	/System/Library/Frameworks/NetFS.framework/Versions/A/NetFS
0x000000018ba97000 	/System/Library/Frameworks/CoreServices.framework/Versions/A/Frameworks/FSEvents.framework/Versions/A/FSEvents
0x0000000185232000 	/System/Library/Frameworks/CoreServices.framework/Versions/A/Frameworks/CarbonCore.framework/Versions/A/CarbonCore
0x000000018ae76000 	/System/Library/Frameworks/CoreServices.framework/Versions/A/Frameworks/Metadata.framework/Versions/A/Metadata
0x0000000190a51000 	/System/Library/Frameworks/CoreServices.framework/Versions/A/Frameworks/OSServices.framework/Versions/A/OSServices
0x00000001911c3000 	/System/Library/Frameworks/CoreServices.framework/Versions/A/Frameworks/SearchKit.framework/Versions/A/SearchKit
0x000000018952f000 	/System/Library/Frameworks/CoreServices.framework/Versions/A/Frameworks/AE.framework/Versions/A/AE
0x00000001817f1000 	/System/Library/Frameworks/CoreServices.framework/Versions/A/Frameworks/LaunchServices.framework/Versions/A/LaunchServices
0x0000000192544000 	/System/Library/Frameworks/CoreServices.framework/Versions/A/Frameworks/DictionaryServices.framework/Versions/A/DictionaryServices
0x000000018baa4000 	/System/Library/Frameworks/CoreServices.framework/Versions/A/Frameworks/SharedFileList.framework/Versions/A/SharedFileList
0x0000000191256000 	/usr/lib/libapple_nghttp2.dylib
0x0000000189146000 	/usr/lib/libsqlite3.dylib
0x000000018932f000 	/System/Library/Frameworks/Accounts.framework/Versions/A/Accounts
0x000000019dab7000 	/System/Library/PrivateFrameworks/AppSupport.framework/Versions/A/AppSupport
0x00000001ad231000 	/System/Library/Frameworks/AVFoundation.framework/Versions/A/AVFoundation
0x000000018add7000 	/System/Library/PrivateFrameworks/CoreAnalytics.framework/Versions/A/CoreAnalytics
0x0000000187feb000 	/System/Library/Frameworks/CoreGraphics.framework/Versions/A/CoreGraphics
0x0000000195611000 	/System/Library/Frameworks/GSS.framework/Versions/A/GSS
0x0000000193a06000 	/System/Library/PrivateFrameworks/InternationalSupport.framework/Versions/A/InternationalSupport
0x00000001894c3000 	/System/Library/PrivateFrameworks/RunningBoardServices.framework/Versions/A/RunningBoardServices
0x000000019e3c5000 	/System/Library/PrivateFrameworks/StreamingZip.framework/Versions/A/StreamingZip
0x0000000187978000 	/usr/lib/libenergytrace.dylib
0x00000001895be000 	/System/Library/Frameworks/Network.framework/Versions/A/Network
0x00000001902d3000 	/usr/lib/libbsm.0.dylib
0x0000000191012000 	/usr/lib/system/libkxld.dylib
0x0000000234ba2000 	/System/Library/PrivateFrameworks/AppleKeyStore.framework/Versions/A/AppleKeyStore
0x000000028365b000 	/usr/lib/libCoreEntitlements.dylib
0x00000002596cb000 	/System/Library/PrivateFrameworks/MessageSecurity.framework/Versions/A/MessageSecurity
0x000000018912a000 	/System/Library/PrivateFrameworks/ProtocolBuffer.framework/Versions/A/ProtocolBuffer
0x000000019a87e000 	/System/Library/PrivateFrameworks/SymptomDiagnosticReporter.framework/Versions/A/SymptomDiagnosticReporter
0x0000000192789000 	/System/Library/PrivateFrameworks/CrashReporterSupport.framework/Versions/A/CrashReporterSupport
0x000000018797a000 	/usr/lib/libMobileGestalt.dylib
0x0000000190a31000 	/System/Library/PrivateFrameworks/AppleFSCompression.framework/Versions/A/AppleFSCompression
0x00000001902bb000 	/usr/lib/libcoretls.dylib
0x00000001925ba000 	/usr/lib/libcoretls_cfhelpers.dylib
0x0000000191298000 	/usr/lib/libpam.2.dylib
0x0000000192630000 	/usr/lib/libxar.1.dylib
0x00000001925bc000 	/System/Library/PrivateFrameworks/APFS.framework/Versions/A/APFS
0x00000002714a8000 	/System/Library/PrivateFrameworks/SwiftASN1Internal.framework/Versions/A/SwiftASN1Internal
0x000000019263f000 	/usr/lib/libutil.dylib
0x000000018ec6e000 	/System/Library/PrivateFrameworks/AppleSystemInfo.framework/Versions/A/AppleSystemInfo
0x000000018ff83000 	/System/Library/PrivateFrameworks/IOMobileFramebuffer.framework/Versions/A/IOMobileFramebuffer
0x000000018d889000 	/System/Library/Frameworks/IOSurface.framework/Versions/A/IOSurface
0x000000019d1d5000 	/System/Library/PrivateFrameworks/CoreWiFi.framework/Versions/A/CoreWiFi
0x00000001ae32a000 	/System/Library/PrivateFrameworks/LoggingSupport.framework/Versions/A/LoggingSupport
0x0000000195674000 	/System/Library/PrivateFrameworks/MobileAsset.framework/Versions/A/MobileAsset
0x000000019a88e000 	/System/Library/PrivateFrameworks/PowerLog.framework/Versions/A/PowerLog
0x000000019bd4a000 	/System/Library/PrivateFrameworks/Rapport.framework/Versions/A/Rapport
0x000000022d867000 	/System/Library/Frameworks/SwiftData.framework/Versions/A/SwiftData
0x0000000186fde000 	/System/Library/Frameworks/UniformTypeIdentifiers.framework/Versions/A/UniformTypeIdentifiers
0x000000018bcc4000 	/System/Library/PrivateFrameworks/UserManagement.framework/Versions/A/UserManagement
0x00000001874cf000 	/usr/lib/libboringssl.dylib
0x00000001895a3000 	/usr/lib/libdns_services.dylib
0x00000001ad365000 	/usr/lib/libquic.dylib
0x0000000194870000 	/usr/lib/libusrtcp.dylib
0x0000000235a56000 	/System/Library/PrivateFrameworks/AtomicsInternal.framework/Versions/A/AtomicsInternal
0x00000001d4520000 	/System/Library/PrivateFrameworks/InternalSwiftProtobuf.framework/Versions/A/InternalSwiftProtobuf
0x000000028516a000 	/usr/lib/swift/libswiftDistributed.dylib
0x0000000285193000 	/usr/lib/swift/libswiftObservation.dylib
0x00000002852cf000 	/usr/lib/swift/libswiftSynchronization.dylib
0x000000018ec6c000 	/System/Library/PrivateFrameworks/AggregateDictionary.framework/Versions/A/AggregateDictionary
0x0000000236212000 	/System/Library/PrivateFrameworks/BiomeLibrary.framework/Versions/A/BiomeLibrary
0x00000001bd413000 	/System/Library/PrivateFrameworks/BiomeStreams.framework/Versions/A/BiomeStreams
0x00000001b9495000 	/System/Library/PrivateFrameworks/BiomeFoundation.framework/Versions/A/BiomeFoundation
0x00000001c3688000 	/System/Library/PrivateFrameworks/BiomePubSub.framework/Versions/A/BiomePubSub
0x0000000188d3c000 	/System/Library/Frameworks/CoreData.framework/Versions/A/CoreData
0x000000019f3a8000 	/System/Library/PrivateFrameworks/ProactiveSupport.framework/Versions/A/ProactiveSupport
0x000000022f8b2000 	/System/Library/Frameworks/_LocationEssentials.framework/Versions/A/_LocationEssentials
0x000000019259b000 	/usr/lib/liblzma.5.dylib
0x0000000199989000 	/System/Library/Frameworks/Accelerate.framework/Versions/A/Accelerate
0x00000001901b4000 	/System/Library/PrivateFrameworks/MobileKeyBag.framework/Versions/A/MobileKeyBag
0x000000019ddcb000 	/System/Library/PrivateFrameworks/InternationalTextSearch.framework/Versions/A/InternationalTextSearch
0x00000001b597a000 	/System/Library/PrivateFrameworks/SoftwareUpdateCoreSupport.framework/Versions/A/SoftwareUpdateCoreSupport
0x00000001bdeb1000 	/System/Library/PrivateFrameworks/SoftwareUpdateCoreConnect.framework/Versions/A/SoftwareUpdateCoreConnect
0x000000019d96f000 	/System/Library/PrivateFrameworks/RemoteServiceDiscovery.framework/Versions/A/RemoteServiceDiscovery
0x00000001b5550000 	/System/Library/PrivateFrameworks/MSUDataAccessor.framework/Versions/A/MSUDataAccessor
0x00000001b04f5000 	/usr/lib/libbootpolicy.dylib
0x000000019d986000 	/System/Library/PrivateFrameworks/RemoteXPC.framework/Versions/A/RemoteXPC
0x00000001bd2e7000 	/usr/lib/libFDR.dylib
0x00000001c328a000 	/usr/lib/libamsupport.dylib
0x0000000283951000 	/usr/lib/libReverseProxyDevice.dylib
0x0000000234417000 	/System/Library/PrivateFrameworks/AppleDeviceQuerySupport.framework/Versions/A/AppleDeviceQuerySupport
0x00000001c6446000 	/usr/lib/libpartition2_dynamic.dylib
0x0000000191232000 	/System/Library/PrivateFrameworks/AppleSauce.framework/Versions/A/AppleSauce
0x0000000283506000 	/usr/lib/libAppleArchive.dylib
0x0000000190a3d000 	/usr/lib/libbz2.1.0.dylib
0x000000018af0c000 	/System/Library/Frameworks/Accelerate.framework/Versions/A/Frameworks/vImage.framework/Versions/A/vImage
0x00000001996e5000 	/System/Library/Frameworks/Accelerate.framework/Versions/A/Frameworks/vecLib.framework/Versions/A/vecLib
0x0000000192676000 	/System/Library/Frameworks/Accelerate.framework/Versions/A/Frameworks/vecLib.framework/Versions/A/libvMisc.dylib
0x0000000181cf5000 	/System/Library/Frameworks/Accelerate.framework/Versions/A/Frameworks/vecLib.framework/Versions/A/libBLAS.dylib
0x000000019ddca000 	/System/Library/Frameworks/ApplicationServices.framework/Versions/A/ApplicationServices
0x000000018bc02000 	/System/Library/Frameworks/CoreVideo.framework/Versions/A/CoreVideo
0x0000000188740000 	/System/Library/Frameworks/ColorSync.framework/Versions/A/ColorSync
0x0000000184175000 	/System/Library/Frameworks/CoreText.framework/Versions/A/CoreText
0x000000018e37c000 	/System/Library/Frameworks/ImageIO.framework/Versions/A/ImageIO
0x0000000195228000 	/System/Library/Frameworks/ApplicationServices.framework/Versions/A/Frameworks/ATS.framework/Versions/A/ATS
0x00000001888e8000 	/System/Library/Frameworks/ApplicationServices.framework/Versions/A/Frameworks/HIServices.framework/Versions/A/HIServices
0x00000001938fc000 	/System/Library/Frameworks/ApplicationServices.framework/Versions/A/Frameworks/PrintCore.framework/Versions/A/PrintCore
0x00000001955da000 	/System/Library/Frameworks/ApplicationServices.framework/Versions/A/Frameworks/QD.framework/Versions/A/QD
0x00000001955d5000 	/System/Library/Frameworks/ApplicationServices.framework/Versions/A/Frameworks/ColorSyncLegacy.framework/Versions/A/ColorSyncLegacy
0x00000001951fa000 	/System/Library/Frameworks/ApplicationServices.framework/Versions/A/Frameworks/SpeechSynthesis.framework/Versions/A/SpeechSynthesis
0x0000000187a36000 	/System/Library/PrivateFrameworks/SkyLight.framework/Versions/A/SkyLight
0x000000018dd57000 	/System/Library/PrivateFrameworks/FontServices.framework/libFontParser.dylib
0x00000001893d1000 	/System/Library/PrivateFrameworks/BaseBoard.framework/Versions/A/BaseBoard
0x000000019b7cb000 	/System/Library/PrivateFrameworks/BoardServices.framework/Versions/A/BoardServices
0x000000019d697000 	/System/Library/PrivateFrameworks/BackBoardServices.framework/Versions/A/BackBoardServices
0x0000000236117000 	/System/Library/PrivateFrameworks/BackBoardHIDEventFoundation.framework/Versions/A/BackBoardHIDEventFoundation
0x0000000183c91000 	/System/Library/Frameworks/CoreDisplay.framework/Versions/A/CoreDisplay
0x0000000193255000 	/System/Library/Frameworks/VideoToolbox.framework/Versions/A/VideoToolbox
0x0000000191296000 	/System/Library/Frameworks/MetalPerformanceShaders.framework/Versions/A/MetalPerformanceShaders
0x0000000263d79000 	/System/Library/PrivateFrameworks/ProDisplayLibrary.framework/Versions/A/ProDisplayLibrary
0x00000001a14b6000 	/System/Library/PrivateFrameworks/IOSurfaceAccelerator.framework/Versions/A/IOSurfaceAccelerator
0x000000018d8b1000 	/System/Library/Frameworks/Metal.framework/Versions/A/Metal
0x000000018d8a6000 	/System/Library/PrivateFrameworks/IOAccelerator.framework/Versions/A/IOAccelerator
0x000000018dbb5000 	/System/Library/Frameworks/CoreMedia.framework/Versions/A/CoreMedia
0x0000000187a12000 	/System/Library/PrivateFrameworks/TCC.framework/Versions/A/TCC
0x000000019320d000 	/System/Library/PrivateFrameworks/WatchdogClient.framework/Versions/A/WatchdogClient
0x000000018b331000 	/System/Library/Frameworks/QuartzCore.framework/Versions/A/QuartzCore
0x000000019320f000 	/System/Library/PrivateFrameworks/MultitouchSupport.framework/Versions/A/MultitouchSupport
0x00000001c622e000 	/usr/lib/swift/libswiftAccelerate.dylib
0x00000001ae448000 	/usr/lib/swift/libswiftCoreAudio.dylib
0x00000001ca397000 	/usr/lib/swift/libswiftCoreMedia.dylib
0x00000001bc3b5000 	/usr/lib/swift/libswiftMetal.dylib
0x00000001cbb45000 	/usr/lib/swift/libswiftOSLog.dylib
0x00000001c1796000 	/usr/lib/swift/libswiftQuartzCore.dylib
0x00000001c621e000 	/usr/lib/swift/libswiftUniformTypeIdentifiers.dylib
0x00000002852fd000 	/usr/lib/swift/libswiftVideoToolbox.dylib
0x00000001b1fa3000 	/usr/lib/swift/libswiftsimd.dylib
0x00000001c36e9000 	/System/Library/PrivateFrameworks/BiomeStorage.framework/Versions/A/BiomeStorage
0x000000025241c000 	/System/Library/PrivateFrameworks/IntelligencePlatformLibrary.framework/Versions/A/IntelligencePlatformLibrary
0x0000000262b41000 	/System/Library/PrivateFrameworks/PoirotSchematizer.framework/Versions/A/PoirotSchematizer
0x0000000236ac0000 	/System/Library/PrivateFrameworks/BiomeSync.framework/Versions/A/BiomeSync
0x00000002361f8000 	/System/Library/PrivateFrameworks/BiomeDSL.framework/Versions/A/BiomeDSL
0x00000001dc656000 	/System/Library/PrivateFrameworks/FeatureFlags.framework/Versions/A/FeatureFlags
0x0000000262baf000 	/System/Library/PrivateFrameworks/PoirotUDFs.framework/Versions/A/PoirotUDFs
0x00000002853a5000 	/usr/lib/swift/libswift_DarwinFoundation2.dylib
0x00000002853a6000 	/usr/lib/swift/libswift_DarwinFoundation3.dylib
0x000000019bd3f000 	/System/Library/PrivateFrameworks/CoreTime.framework/Versions/A/CoreTime
0x00000001910b0000 	/usr/lib/libiconv.2.dylib
0x000000019100d000 	/usr/lib/libcharset.1.dylib
0x0000000262b04000 	/System/Library/PrivateFrameworks/PoirotSQLite.framework/Versions/A/PoirotSQLite
0x00000002853a7000 	/usr/lib/swift/libswift_RegexParser.dylib
0x00000002380ee000 	/System/Library/PrivateFrameworks/CascadeSets.framework/Versions/A/CascadeSets
0x00000001957ea000 	/System/Library/PrivateFrameworks/CorePhoneNumbers.framework/Versions/A/CorePhoneNumbers
0x0000000193007000 	/System/Library/PrivateFrameworks/AppleJPEG.framework/Versions/A/AppleJPEG
0x00000001929e0000 	/usr/lib/libexpat.1.dylib
0x00000001937d2000 	/System/Library/Frameworks/ImageIO.framework/Versions/A/Resources/libPng.dylib
0x00000001937fd000 	/System/Library/Frameworks/ImageIO.framework/Versions/A/Resources/libTIFF.dylib
0x00000001938e5000 	/System/Library/Frameworks/ImageIO.framework/Versions/A/Resources/libGIF.dylib
0x000000019304c000 	/System/Library/Frameworks/ImageIO.framework/Versions/A/Resources/libJP2.dylib
0x00000001926f0000 	/usr/lib/libate.dylib
0x000000019388c000 	/System/Library/Frameworks/ImageIO.framework/Versions/A/Resources/libJPEG.dylib
0x0000000193883000 	/System/Library/Frameworks/ImageIO.framework/Versions/A/Resources/libRadiance.dylib
0x0000000248165000 	/System/Library/PrivateFrameworks/GPUCompiler.framework/Versions/32023/Libraries/libllvm-flatbuffers.dylib
0x0000000242bc5000 	/System/Library/PrivateFrameworks/FramePacing.framework/Versions/A/FramePacing
0x00000002262b6000 	/System/Library/Frameworks/OpenGL.framework/Versions/A/Libraries/libCoreFSCache.dylib
0x0000000243cf2000 	/System/Library/PrivateFrameworks/GPUCompiler.framework/Versions/32023/Libraries/libGPUCompilerUtils.dylib
0x000000019b898000 	/System/Library/PrivateFrameworks/GraphicsServices.framework/Versions/A/GraphicsServices
0x00000002262c4000 	/System/Library/Frameworks/OpenGL.framework/Versions/A/OpenGL
0x0000000226315000 	/System/Library/Frameworks/OpenGL.framework/Versions/A/Libraries/libGLU.dylib
0x00000002262d8000 	/System/Library/Frameworks/OpenGL.framework/Versions/A/Libraries/libGFXShared.dylib
0x00000002264a5000 	/System/Library/Frameworks/OpenGL.framework/Versions/A/Libraries/libGL.dylib
0x00000002262e1000 	/System/Library/Frameworks/OpenGL.framework/Versions/A/Libraries/libGLImage.dylib
0x00000002262d5000 	/System/Library/Frameworks/OpenGL.framework/Versions/A/Libraries/libCVMSPluginSupport.dylib
0x00000002262be000 	/System/Library/Frameworks/OpenGL.framework/Versions/A/Libraries/libCoreVMClient.dylib
0x000000019387e000 	/System/Library/PrivateFrameworks/GPUWrangler.framework/Versions/A/GPUWrangler
0x000000019385e000 	/System/Library/PrivateFrameworks/IOPresentment.framework/Versions/A/IOPresentment
0x0000000193886000 	/System/Library/PrivateFrameworks/DSExternalDisplay.framework/Versions/A/DSExternalDisplay
0x00000002792c4000 	/System/Library/PrivateFrameworks/VideoToolboxParavirtualizationSupport.framework/Versions/A/VideoToolboxParavirtualizationSupport
0x0000000192997000 	/System/Library/PrivateFrameworks/AppleVA.framework/Versions/A/AppleVA
0x000000022833a000 	/System/Library/Frameworks/ExtensionFoundation.framework/Versions/A/ExtensionFoundation
0x00000001938eb000 	/System/Library/PrivateFrameworks/CMCaptureCore.framework/Versions/A/CMCaptureCore
0x0000000192c71000 	/usr/lib/libspindump.dylib
0x000000018439e000 	/System/Library/Frameworks/CoreAudio.framework/Versions/A/CoreAudio
0x0000000192c64000 	/System/Library/PrivateFrameworks/AppServerSupport.framework/Versions/A/AppServerSupport
0x00000001955e3000 	/System/Library/PrivateFrameworks/perfdata.framework/Versions/A/perfdata
0x0000000183db2000 	/System/Library/PrivateFrameworks/AudioToolboxCore.framework/Versions/A/AudioToolboxCore
0x000000018db8b000 	/System/Library/PrivateFrameworks/caulk.framework/Versions/A/caulk
0x00000001951e0000 	/usr/lib/libAudioStatistics.dylib
0x00000001ad45a000 	/System/Library/PrivateFrameworks/SystemPolicy.framework/Versions/A/SystemPolicy
0x0000000195488000 	/usr/lib/libSMC.dylib
0x00000001b4d74000 	/usr/lib/swift/libswiftCoreMIDI.dylib
0x00000001a07ae000 	/System/Library/Frameworks/CoreMIDI.framework/Versions/A/CoreMIDI
0x00000001937ac000 	/usr/lib/libAudioToolboxUtility.dylib
0x00000001955f1000 	/usr/lib/libperfcheck.dylib
0x0000000235b25000 	/System/Library/PrivateFrameworks/AudioAnalytics.framework/Versions/A/AudioAnalytics
0x00000001d4212000 	/System/Library/Frameworks/OSLog.framework/Versions/A/OSLog
0x000000025e5c5000 	/System/Library/PrivateFrameworks/OSEligibility.framework/Versions/A/OSEligibility
0x0000000192a66000 	/System/Library/PrivateFrameworks/IconServices.framework/Versions/A/IconServices
0x0000000229725000 	/System/Library/Frameworks/LightweightCodeRequirements.framework/Versions/A/LightweightCodeRequirements
0x00000001928e0000 	/System/Library/PrivateFrameworks/PlugInKit.framework/Versions/A/PlugInKit
0x00000001901cc000 	/System/Library/PrivateFrameworks/AssertionServices.framework/Versions/A/AssertionServices
0x0000000192a05000 	/System/Library/PrivateFrameworks/IconFoundation.framework/Versions/A/IconFoundation
0x000000024ef8a000 	/System/Library/PrivateFrameworks/IconRendering.framework/Versions/A/IconRendering
0x000000018b799000 	/System/Library/PrivateFrameworks/CoreUI.framework/Versions/A/CoreUI
0x000000018e6bb000 	/System/Library/Frameworks/CoreImage.framework/Versions/A/CoreImage
0x0000000265f61000 	/System/Library/PrivateFrameworks/SFSymbols.framework/Versions/A/SFSymbols
0x00000002281f0000 	/System/Library/Frameworks/DeveloperToolsSupport.framework/Versions/A/DeveloperToolsSupport
0x00000001a55e0000 	/System/Library/PrivateFrameworks/RenderBox.framework/Versions/A/RenderBox
0x000000018e33e000 	/System/Library/PrivateFrameworks/CoreSVG.framework/Versions/A/CoreSVG
0x000000019396f000 	/System/Library/PrivateFrameworks/TextureIO.framework/Versions/A/TextureIO
0x00000001ae4c8000 	/usr/lib/swift/libswiftCoreImage.dylib
0x0000000192c14000 	/System/Library/PrivateFrameworks/GraphVisualizer.framework/Versions/A/GraphVisualizer
0x0000000242ad0000 	/System/Library/PrivateFrameworks/FontServices.framework/Versions/A/FontServices
0x0000000192c24000 	/System/Library/PrivateFrameworks/OTSVG.framework/Versions/A/OTSVG
0x000000018b747000 	/System/Library/Frameworks/ApplicationServices.framework/Versions/A/Frameworks/ATS.framework/Versions/A/Resources/libFontRegistry.dylib
0x00000002844e1000 	/usr/lib/libhvf.dylib
0x000000025f245000 	/System/Library/PrivateFrameworks/ParsingInternal.framework/Versions/A/ParsingInternal
0x0000000242ad4000 	/System/Library/PrivateFrameworks/FontServices.framework/libXTFontStaticRegistryData.dylib
0x000000018eba6000 	/System/Library/Frameworks/MetalPerformanceShaders.framework/Versions/A/Frameworks/MPSCore.framework/Versions/A/MPSCore
0x000000019099c000 	/System/Library/Frameworks/MetalPerformanceShaders.framework/Versions/A/Frameworks/MPSImage.framework/Versions/A/MPSImage
0x000000019035b000 	/System/Library/Frameworks/MetalPerformanceShaders.framework/Versions/A/Frameworks/MPSNeuralNetwork.framework/Versions/A/MPSNeuralNetwork
0x000000019079a000 	/System/Library/Frameworks/MetalPerformanceShaders.framework/Versions/A/Frameworks/MPSMatrix.framework/Versions/A/MPSMatrix
0x00000001905b2000 	/System/Library/Frameworks/MetalPerformanceShaders.framework/Versions/A/Frameworks/MPSRayIntersector.framework/Versions/A/MPSRayIntersector
0x00000001907cc000 	/System/Library/Frameworks/MetalPerformanceShaders.framework/Versions/A/Frameworks/MPSNDArray.framework/Versions/A/MPSNDArray
0x000000022a5a6000 	/System/Library/Frameworks/MetalPerformanceShaders.framework/Versions/A/Frameworks/MPSFunctions.framework/Versions/A/MPSFunctions
0x000000022a587000 	/System/Library/Frameworks/MetalPerformanceShaders.framework/Versions/A/Frameworks/MPSBenchmarkLoop.framework/Versions/A/MPSBenchmarkLoop
0x000000022a5ba000 	/System/Library/Frameworks/MetalPerformanceShaders.framework/Versions/A/Frameworks/MPSHost.framework/Versions/A/MPSHost
0x0000000181b0c000 	/System/Library/PrivateFrameworks/MetalTools.framework/Versions/A/MetalTools
0x00000001b36b9000 	/System/Library/PrivateFrameworks/IOAccelMemoryInfo.framework/Versions/A/IOAccelMemoryInfo
0x00000001c1b89000 	/System/Library/PrivateFrameworks/kperf.framework/Versions/A/kperf
0x00000001ae444000 	/System/Library/PrivateFrameworks/GPURawCounter.framework/Versions/A/GPURawCounter
0x000000019f533000 	/System/Library/PrivateFrameworks/ASEProcessing.framework/Versions/A/ASEProcessing
0x00000001cfc0b000 	/System/Library/PrivateFrameworks/Symbolication.framework/Versions/A/Symbolication
0x00000002626f0000 	/System/Library/PrivateFrameworks/PhotosensitivityProcessing.framework/Versions/A/PhotosensitivityProcessing
0x0000000265fe7000 	/System/Library/PrivateFrameworks/SILManager.framework/Versions/A/SILManager
0x000000019bbe3000 	/System/Library/PrivateFrameworks/CoreSymbolication.framework/Versions/A/CoreSymbolication
0x00000001ae3b9000 	/System/Library/PrivateFrameworks/MallocStackLogging.framework/Versions/A/MallocStackLogging
0x000000019bbc1000 	/System/Library/PrivateFrameworks/DebugSymbols.framework/Versions/A/DebugSymbols
0x00000001c0300000 	/System/Library/PrivateFrameworks/OSAnalytics.framework/Versions/A/OSAnalytics
0x0000000240837000 	/System/Library/PrivateFrameworks/DeviceRecovery.framework/Versions/A/DeviceRecovery
0x0000000274bbb000 	/System/Library/PrivateFrameworks/Tightbeam.framework/Versions/A/Tightbeam
0x00000001bc3c3000 	/usr/lib/swift/libswiftCompression.dylib
0x00000001c69b3000 	/System/Library/PrivateFrameworks/AFKUser.framework/Versions/A/AFKUser
0x00000001938b7000 	/System/Library/Frameworks/ApplicationServices.framework/Versions/A/Frameworks/ATSUI.framework/Versions/A/ATSUI
0x0000000194f8a000 	/System/Library/Frameworks/AudioToolbox.framework/Versions/A/AudioToolbox
0x0000000190e04000 	/System/Library/Frameworks/UserNotifications.framework/Versions/A/UserNotifications
0x00000001b3e46000 	/System/Library/PrivateFrameworks/SiriInstrumentation.framework/Versions/A/SiriInstrumentation
0x000000026841e000 	/System/Library/PrivateFrameworks/SiriAnalytics.framework/Versions/A/SiriAnalytics
0x00000001b15da000 	/System/Library/PrivateFrameworks/FeedbackLogger.framework/Versions/A/FeedbackLogger
0x00000001cbddd000 	/usr/lib/swift/libswiftAVFoundation.dylib
0x00000002773df000 	/System/Library/PrivateFrameworks/UnifiedAssetFramework.framework/Versions/A/UnifiedAssetFramework
0x000000019515f000 	/System/Library/PrivateFrameworks/AudioSession.framework/Versions/A/AudioSession
0x0000000192b25000 	/System/Library/PrivateFrameworks/MediaExperience.framework/Versions/A/MediaExperience
0x0000000194f34000 	/System/Library/PrivateFrameworks/AudioSession.framework/libSessionUtility.dylib
0x000000019a773000 	/System/Library/Frameworks/CoreBluetooth.framework/Versions/A/CoreBluetooth
0x0000000190040000 	/System/Library/PrivateFrameworks/CoreUtils.framework/Versions/A/CoreUtils
0x00000001a6312000 	/System/Library/PrivateFrameworks/HID.framework/Versions/A/HID
0x000000023fade000 	/System/Library/PrivateFrameworks/CoreUtilsExtras.framework/Versions/A/CoreUtilsExtras
0x000000024eedf000 	/System/Library/PrivateFrameworks/IO80211.framework/Versions/A/IO80211
0x0000000197111000 	/System/Library/Frameworks/IOBluetooth.framework/Versions/A/IOBluetooth
0x00000002851b2000 	/usr/lib/swift/libswiftRegexBuilder.dylib
0x0000000192780000 	/usr/lib/libIOReport.dylib
0x00000001dc6da000 	/System/Library/PrivateFrameworks/WiFiPeerToPeer.framework/Versions/A/WiFiPeerToPeer
0x00000001901db000 	/System/Library/Frameworks/SecurityFoundation.framework/Versions/A/SecurityFoundation
0x00000002381a2000 	/System/Library/PrivateFrameworks/Centauri.framework/Versions/A/Centauri
0x00000001824f0000 	/System/Library/PrivateFrameworks/Lexicon.framework/Versions/A/Lexicon
0x0000000284931000 	/usr/lib/libmrc.dylib
0x000000024ef4a000 	/System/Library/PrivateFrameworks/IPConfiguration.framework/Versions/A/IPConfiguration
0x00000001d03e3000 	/System/Library/PrivateFrameworks/Netrb.framework/Versions/A/Netrb
0x000000019b6f1000 	/System/Library/PrivateFrameworks/FrontBoardServices.framework/Versions/A/FrontBoardServices
0x0000000190344000 	/usr/lib/libgermantok.dylib
0x000000018ed95000 	/System/Library/PrivateFrameworks/LinguisticData.framework/Versions/A/LinguisticData
0x000000019a97c000 	/System/Library/PrivateFrameworks/MediaKit.framework/Versions/A/MediaKit
0x000000019a8ca000 	/System/Library/Frameworks/DiscRecording.framework/Versions/A/DiscRecording
0x00000001929fb000 	/usr/lib/libheimdal-asn1.dylib
0x000000019e39b000 	/System/Library/Frameworks/AudioUnit.framework/Versions/A/AudioUnit
0x000000018ba5f000 	/System/Library/Frameworks/OpenDirectory.framework/Versions/A/OpenDirectory
0x000000018ba6d000 	/System/Library/Frameworks/OpenDirectory.framework/Versions/A/Frameworks/CFOpenDirectory.framework/Versions/A/CFOpenDirectory
0x00000001974b7000 	/System/Library/PrivateFrameworks/GeoServices.framework/Versions/A/GeoServices
0x0000000194efa000 	/System/Library/PrivateFrameworks/LocationSupport.framework/Versions/A/LocationSupport
0x000000024bc0a000 	/System/Library/PrivateFrameworks/GeoServicesCore.framework/Versions/A/GeoServicesCore
0x00000001a7211000 	/System/Library/PrivateFrameworks/PhoneNumbers.framework/Versions/A/PhoneNumbers
0x00000002543a7000 	/System/Library/PrivateFrameworks/LocationLogEncryption.framework/Versions/A/LocationLogEncryption
0x0000000226831000 	/System/Library/Frameworks/AVFAudio.framework/Versions/A/AVFAudio
0x0000000226975000 	/System/Library/Frameworks/AVRouting.framework/Versions/A/AVRouting
0x00000001a7329000 	/usr/lib/libAccessibility.dylib
0x0000000252d98000 	/System/Library/PrivateFrameworks/IsolatedCoreAudioClient.framework/Versions/A/IsolatedCoreAudioClient
0x000000023b934000 	/System/Library/PrivateFrameworks/CoreAudioOrchestration.framework/Versions/A/CoreAudioOrchestration
0x0000000193dd3000 	/System/Library/Frameworks/MediaToolbox.framework/Versions/A/MediaToolbox
0x000000019aaa2000 	/System/Library/PrivateFrameworks/CoreAVCHD.framework/Versions/A/CoreAVCHD
0x00000001999d8000 	/System/Library/Frameworks/MediaAccessibility.framework/Versions/A/MediaAccessibility
0x000000019aa9e000 	/System/Library/PrivateFrameworks/Mangrove.framework/Versions/A/Mangrove
0x00000002377e0000 	/System/Library/PrivateFrameworks/CMPhoto.framework/Versions/A/CMPhoto
0x000000019b266000 	/System/Library/Frameworks/CoreTelephony.framework/Versions/A/CoreTelephony
0x000000019aa91000 	/System/Library/PrivateFrameworks/CoreAUC.framework/Versions/A/CoreAUC
0x00000002349d3000 	/System/Library/PrivateFrameworks/AppleJPEGXL.framework/Versions/A/AppleJPEGXL
0x00000001957fa000 	/usr/lib/libTelephonyUtilDynamic.dylib
0x00000001d7279000 	/System/Library/Frameworks/CryptoKit.framework/Versions/A/CryptoKit
0x000000019e396000 	/System/Library/PrivateFrameworks/CryptoKitCBridging.framework/Versions/A/CryptoKitCBridging
0x000000019b8aa000 	/System/Library/Frameworks/CryptoTokenKit.framework/Versions/A/CryptoTokenKit
0x00000002402b9000 	/System/Library/PrivateFrameworks/Dendrite.framework/Versions/A/Dendrite
0x00000001adfee000 	/System/Library/Frameworks/NaturalLanguage.framework/Versions/A/NaturalLanguage
0x000000024b916000 	/System/Library/PrivateFrameworks/GenerativeModels.framework/Versions/A/GenerativeModels
0x00000001dc662000 	/usr/lib/swift/libswiftNaturalLanguage.dylib
0x0000000235545000 	/System/Library/PrivateFrameworks/AppleMobileFileIntegrity.framework/Versions/A/AppleMobileFileIntegrity
0x00000002839c8000 	/usr/lib/libTLE.dylib
0x00000001ae3eb000 	/usr/lib/libmis.dylib
0x00000001e5c7e000 	/System/Library/PrivateFrameworks/ConfigProfileHelper.framework/Versions/A/ConfigProfileHelper
0x000000019e525000 	/System/Library/PrivateFrameworks/Espresso.framework/Versions/A/Espresso
0x000000018c1ec000 	/System/Library/Frameworks/CoreML.framework/Versions/A/CoreML
0x00000001da522000 	/usr/lib/libedit.3.dylib
0x0000000223640000 	/System/Library/PrivateFrameworks/ANECompiler.framework/Versions/A/ANECompiler
0x00000001a05f3000 	/System/Library/PrivateFrameworks/AppleNeuralEngine.framework/Versions/A/AppleNeuralEngine
0x00000002544c5000 	/System/Library/PrivateFrameworks/MIL.framework/Versions/A/MIL
0x000000022a5c0000 	/System/Library/Frameworks/MetalPerformanceShadersGraph.framework/Versions/A/MetalPerformanceShadersGraph
0x0000000254c34000 	/System/Library/PrivateFrameworks/MLCompilerServices.framework/Versions/A/MLCompilerServices
0x000000019f377000 	/System/Library/PrivateFrameworks/ANEServices.framework/Versions/A/ANEServices
0x00000001b367c000 	/usr/lib/libncurses.5.4.dylib
0x00000001856a5000 	/usr/lib/libsandbox.1.dylib
0x0000000192921000 	/usr/lib/libMatch.1.dylib
0x000000025e347000 	/System/Library/PrivateFrameworks/ODIE.framework/Versions/A/ODIE
0x00000002578c1000 	/System/Library/PrivateFrameworks/MLModelAsset.framework/Versions/A/MLModelAsset
0x0000000254bda000 	/System/Library/PrivateFrameworks/MLCompilerRuntime.framework/Versions/A/MLCompilerRuntime
0x0000000190607000 	/System/Library/Frameworks/MLCompute.framework/Versions/A/MLCompute
0x0000000254b5c000 	/System/Library/PrivateFrameworks/MLAssetIO.framework/Versions/A/MLAssetIO
0x0000000285184000 	/usr/lib/swift/libswiftMLCompute.dylib
0x000000019b481000 	/System/Library/PrivateFrameworks/AVFCore.framework/Versions/A/AVFCore
0x00000001a4c32000 	/System/Library/PrivateFrameworks/AVFCapture.framework/Versions/A/AVFCapture
0x00000002375d7000 	/System/Library/PrivateFrameworks/CMImaging.framework/Versions/A/CMImaging
0x00000001a4e74000 	/System/Library/PrivateFrameworks/Quagga.framework/Versions/A/Quagga
0x00000001a4fa5000 	/System/Library/PrivateFrameworks/CMCapture.framework/Versions/A/CMCapture
0x0000000195385000 	/System/Library/Frameworks/CoreMediaIO.framework/Versions/A/CoreMediaIO
0x0000000237512000 	/System/Library/PrivateFrameworks/CMCaptureDevice.framework/Versions/A/CMCaptureDevice
0x0000000192d5d000 	/System/Library/PrivateFrameworks/CoreBrightness.framework/Versions/A/CoreBrightness
0x0000000238698000 	/System/Library/PrivateFrameworks/CinematicFraming.framework/Versions/A/CinematicFraming
0x000000025a994000 	/System/Library/PrivateFrameworks/ModelManagerServices.framework/Versions/A/ModelManagerServices
0x00000001c8e52000 	/System/Library/PrivateFrameworks/CPMS.framework/Versions/A/CPMS
0x00000002722f5000 	/System/Library/PrivateFrameworks/SystemStatus.framework/Versions/A/SystemStatus
0x00000001ace2f000 	/System/Library/Frameworks/CoreMotion.framework/Versions/A/CoreMotion
0x00000001bd392000 	/System/Library/PrivateFrameworks/TimeSync.framework/Versions/A/TimeSync
0x0000000240c6a000 	/System/Library/PrivateFrameworks/DistributedSensing.framework/Versions/A/DistributedSensing
0x00000001b87ac000 	/System/Library/PrivateFrameworks/MobileBluetooth.framework/Versions/A/MobileBluetooth
0x00000001bf04e000 	/System/Library/PrivateFrameworks/IOKitten.framework/Versions/A/IOKitten
0x0000000234851000 	/System/Library/PrivateFrameworks/AppleIntelligenceReporting.framework/Versions/A/AppleIntelligenceReporting
0x000000018ff4f000 	/System/Library/PrivateFrameworks/CoreEmoji.framework/Versions/A/CoreEmoji
0x0000000182802000 	/usr/lib/libCRFSuite.dylib
0x0000000183ae2000 	/System/Library/PrivateFrameworks/LanguageModeling.framework/Versions/A/LanguageModeling
0x000000018ec75000 	/System/Library/PrivateFrameworks/CoreNLP.framework/Versions/A/CoreNLP
0x0000000188a51000 	/System/Library/PrivateFrameworks/Montreal.framework/Versions/A/Montreal
0x00000001910b8000 	/usr/lib/libcmph.dylib
0x00000001902e5000 	/usr/lib/libmecab.dylib
0x0000000191229000 	/usr/lib/libThaiTokenizer.dylib
0x000000024b9f9000 	/System/Library/PrivateFrameworks/GenerativeModelsFoundation.framework/Versions/A/GenerativeModelsFoundation
0x00000002750be000 	/System/Library/PrivateFrameworks/TokenGeneration.framework/Versions/A/TokenGeneration
0x000000024b7cc000 	/System/Library/PrivateFrameworks/GenerativeFunctions.framework/Versions/A/GenerativeFunctions
0x000000024b81a000 	/System/Library/PrivateFrameworks/GenerativeFunctionsFoundation.framework/Versions/A/GenerativeFunctionsFoundation
0x000000025a659000 	/System/Library/PrivateFrameworks/ModelCatalog.framework/Versions/A/ModelCatalog
0x000000026763c000 	/System/Library/PrivateFrameworks/SensitiveContentAnalysisML.framework/Versions/A/SensitiveContentAnalysisML
0x000000024b8b0000 	/System/Library/PrivateFrameworks/GenerativeFunctionsInstrumentation.framework/Versions/A/GenerativeFunctionsInstrumentation
0x00000002644df000 	/System/Library/PrivateFrameworks/PromptKit.framework/Versions/A/PromptKit
0x0000000263f18000 	/System/Library/PrivateFrameworks/ProactiveDaemonSupport.framework/Versions/A/ProactiveDaemonSupport
0x00000002752f6000 	/System/Library/PrivateFrameworks/TokenGenerationCore.framework/Versions/A/TokenGenerationCore
0x00000001aeeb7000 	/System/Library/PrivateFrameworks/Trial.framework/Versions/A/Trial
0x00000001aee38000 	/System/Library/PrivateFrameworks/TrialProto.framework/Versions/A/TrialProto
0x000000023447e000 	/System/Library/PrivateFrameworks/AppleFlatBuffers.framework/Versions/A/AppleFlatBuffers
0x000000026790c000 	/System/Library/PrivateFrameworks/SentencePieceInternal.framework/Versions/A/SentencePieceInternal
0x0000000199a31000 	/System/Library/Frameworks/Vision.framework/Versions/A/Vision
0x000000023f7d7000 	/System/Library/PrivateFrameworks/CoreSceneUnderstanding.framework/Versions/A/CoreSceneUnderstanding
0x0000000279ec8000 	/System/Library/PrivateFrameworks/VisionCore.framework/Versions/A/VisionCore
0x0000000193d10000 	/System/Library/PrivateFrameworks/DataDetectorsCore.framework/Versions/A/DataDetectorsCore
0x00000001b773b000 	/System/Library/Frameworks/Vision.framework/libfaceCore.dylib
0x00000001b8255000 	/System/Library/PrivateFrameworks/Futhark.framework/Versions/A/Futhark
0x00000001bc17c000 	/System/Library/PrivateFrameworks/InertiaCam.framework/Versions/A/InertiaCam
0x00000001b7fe2000 	/System/Library/PrivateFrameworks/TextRecognition.framework/Versions/A/TextRecognition
0x00000002281d9000 	/System/Library/Frameworks/DataDetection.framework/Versions/A/DataDetection
0x00000001b2226000 	/System/Library/PrivateFrameworks/TextInput.framework/Versions/A/TextInput
0x00000001927be000 	/System/Library/PrivateFrameworks/CVNLP.framework/Versions/A/CVNLP
0x00000001d46f7000 	/System/Library/PrivateFrameworks/HIDDisplay.framework/Versions/A/HIDDisplay
0x0000000195569000 	/usr/lib/libcups.2.dylib
0x00000001955ff000 	/System/Library/Frameworks/Kerberos.framework/Versions/A/Kerberos
0x0000000195270000 	/usr/lib/libresolv.9.dylib
0x0000000192c78000 	/System/Library/PrivateFrameworks/Heimdal.framework/Versions/A/Heimdal
0x000000019e39a000 	/System/Library/Frameworks/Kerberos.framework/Versions/A/Libraries/libHeimdalProxy.dylib
0x0000000195663000 	/System/Library/PrivateFrameworks/CommonAuth.framework/Versions/A/CommonAuth
0x00000001a721d000 	/System/Library/PrivateFrameworks/AXCoreUtilities.framework/Versions/A/AXCoreUtilities
0x00000001b7586000 	/System/Library/PrivateFrameworks/AttributeGraph.framework/Versions/A/AttributeGraph
0x00000002834c9000 	/usr/lib/libAXSafeCategoryBundle.dylib
0x000000022e94b000 	/System/Library/Frameworks/TabularData.framework/Versions/A/TabularData
0x00000002356f4000 	/System/Library/PrivateFrameworks/ArgumentParserInternal.framework/Versions/A/ArgumentParserInternal
0x000000018fe11000 	/System/Library/Frameworks/Accelerate.framework/Versions/A/Frameworks/vecLib.framework/Versions/A/libvDSP.dylib
0x0000000191373000 	/System/Library/Frameworks/Accelerate.framework/Versions/A/Frameworks/vecLib.framework/Versions/A/libLAPACK.dylib
0x0000000190347000 	/System/Library/Frameworks/Accelerate.framework/Versions/A/Frameworks/vecLib.framework/Versions/A/libLinearAlgebra.dylib
0x000000019126f000 	/System/Library/Frameworks/Accelerate.framework/Versions/A/Frameworks/vecLib.framework/Versions/A/libSparseBLAS.dylib
0x000000019136e000 	/System/Library/Frameworks/Accelerate.framework/Versions/A/Frameworks/vecLib.framework/Versions/A/libQuadrature.dylib
0x000000018ed9c000 	/System/Library/Frameworks/Accelerate.framework/Versions/A/Frameworks/vecLib.framework/Versions/A/libBNNS.dylib
0x0000000182600000 	/System/Library/Frameworks/Accelerate.framework/Versions/A/Frameworks/vecLib.framework/Versions/A/libSparse.dylib
0x0000000227cbe000 	/System/Library/Frameworks/CoreTransferable.framework/Versions/A/CoreTransferable
0x00000001955c8000 	/System/Library/PrivateFrameworks/NetAuth.framework/Versions/A/NetAuth
0x000000018bc83000 	/System/Library/PrivateFrameworks/login.framework/Versions/A/Frameworks/loginsupport.framework/Versions/A/loginsupport
0x0000000186e25000 	/System/Library/PrivateFrameworks/UIFoundation.framework/Versions/A/UIFoundation
0x00000001902af000 	/usr/lib/libCheckFix.dylib
0x000000018ae09000 	/System/Library/PrivateFrameworks/MetadataUtilities.framework/Versions/A/MetadataUtilities
0x000000024f9df000 	/System/Library/PrivateFrameworks/InstalledContentLibrary.framework/Versions/A/InstalledContentLibrary
0x000000018556a000 	/System/Library/PrivateFrameworks/CoreServicesStore.framework/Versions/A/CoreServicesStore
0x000000018bace000 	/usr/lib/libapp_launch_measurement.dylib
0x00000001c1ca0000 	/System/Library/PrivateFrameworks/MobileSystemServices.framework/Versions/A/MobileSystemServices
0x0000000192643000 	/usr/lib/libxslt.1.dylib
0x000000019026e000 	/System/Library/PrivateFrameworks/BackgroundTaskManagement.framework/Versions/A/BackgroundTaskManagement
0x000000019da30000 	/usr/lib/libcurl.4.dylib
0x0000000284295000 	/usr/lib/libcrypto.46.dylib
0x0000000284e2e000 	/usr/lib/libssl.48.dylib
0x000000019d70a000 	/System/Library/Frameworks/LDAP.framework/Versions/A/LDAP
0x000000019d746000 	/System/Library/PrivateFrameworks/TrustEvaluationAgent.framework/Versions/A/TrustEvaluationAgent
0x000000019528d000 	/usr/lib/libsasl2.2.dylib
0x00000001a09a1000 	/System/Library/Frameworks/Cocoa.framework/Versions/A/Cocoa
0x0000000185702000 	/System/Library/Frameworks/AppKit.framework/Versions/C/AppKit
0x0000000239516000 	/System/Library/PrivateFrameworks/CollectionViewCore.framework/Versions/A/CollectionViewCore
0x000000018e338000 	/System/Library/PrivateFrameworks/XCTTargetBootstrap.framework/Versions/A/XCTTargetBootstrap
0x0000000193d62000 	/System/Library/PrivateFrameworks/UserActivity.framework/Versions/A/UserActivity
0x0000000242bd2000 	/System/Library/PrivateFrameworks/FrontBoard.framework/Versions/A/FrontBoard
0x0000000276d04000 	/System/Library/PrivateFrameworks/UIIntelligenceSupport.framework/Versions/A/UIIntelligenceSupport
0x000000022d9d4000 	/System/Library/Frameworks/SwiftUICore.framework/Versions/A/SwiftUICore
0x000000027d81d000 	/System/Library/PrivateFrameworks/WritingTools.framework/Versions/A/WritingTools
0x000000027c626000 	/System/Library/PrivateFrameworks/WindowManagement.framework/Versions/A/WindowManagement
0x0000000242907000 	/System/Library/PrivateFrameworks/FocusEngine.framework/Versions/A/FocusEngine
0x0000000240329000 	/System/Library/PrivateFrameworks/DesignLibrary.framework/Versions/A/DesignLibrary
0x000000018e323000 	/System/Library/PrivateFrameworks/DFRFoundation.framework/Versions/A/DFRFoundation
0x0000000277bf8000 	/System/Library/PrivateFrameworks/UpdateCycle.framework/Versions/A/UpdateCycle
0x000000018e027000 	/System/Library/Frameworks/Carbon.framework/Versions/A/Frameworks/HIToolbox.framework/Versions/A/HIToolbox
0x00000001992f9000 	/System/Library/Frameworks/Carbon.framework/Versions/A/Frameworks/SpeechRecognition.framework/Versions/A/SpeechRecognition
0x000000018ba55000 	/System/Library/PrivateFrameworks/PerformanceAnalysis.framework/Versions/A/PerformanceAnalysis
0x0000000199688000 	/System/Library/Frameworks/Accessibility.framework/Versions/A/Accessibility
0x000000022e931000 	/System/Library/Frameworks/Symbols.framework/Versions/A/Symbols
0x000000024bdb8000 	/System/Library/PrivateFrameworks/Gestures.framework/Versions/A/Gestures
0x0000000285255000 	/usr/lib/swift/libswiftSpatial.dylib
0x00000001ab311000 	/usr/lib/swift/libswiftCoreGraphics.dylib
0x000000019a0cb000 	/usr/lib/swift/libswiftFoundation.dylib
0x00000001e5622000 	/usr/lib/swift/libswiftSwiftOnoneSupport.dylib
0x00000002854db000 	/usr/lib/swift/libswiftsys_time.dylib
0x00000001d0421000 	/System/Library/PrivateFrameworks/CoreMaterial.framework/Versions/A/CoreMaterial
0x00000002839c5000 	/usr/lib/libSpatial.dylib
0x00000002833e6000 	/System/Library/SubFrameworks/UIUtilities.framework/Versions/A/UIUtilities
0x00000001100c8000 	/opt/homebrew/Cellar/openjdk/26.0.1/libexec/openjdk.jdk/Contents/Home/lib/server/libjvm.dylib
0x0000000104d90000 	/opt/homebrew/Cellar/openjdk/26.0.1/libexec/openjdk.jdk/Contents/Home/lib/libjimage.dylib
0x0000000104e10000 	/opt/homebrew/Cellar/openjdk/26.0.1/libexec/openjdk.jdk/Contents/Home/lib/libjava.dylib
0x0000000104ea8000 	/opt/homebrew/Cellar/openjdk/26.0.1/libexec/openjdk.jdk/Contents/Home/lib/libnio.dylib
0x0000000104ec8000 	/opt/homebrew/Cellar/openjdk/26.0.1/libexec/openjdk.jdk/Contents/Home/lib/libnet.dylib
0x0000000104ee4000 	/opt/homebrew/Cellar/openjdk/26.0.1/libexec/openjdk.jdk/Contents/Home/lib/libzip.dylib
0x0000000104efc000 	/opt/homebrew/Cellar/openjdk/26.0.1/libexec/openjdk.jdk/Contents/Home/lib/libmanagement.dylib
0x0000000104f10000 	/opt/homebrew/Cellar/openjdk/26.0.1/libexec/openjdk.jdk/Contents/Home/lib/libmanagement_ext.dylib
0x0000000104f24000 	/opt/homebrew/Cellar/openjdk/26.0.1/libexec/openjdk.jdk/Contents/Home/lib/libverify.dylib
0x0000000104f3c000 	/opt/homebrew/Cellar/openjdk/26.0.1/libexec/openjdk.jdk/Contents/Home/lib/libjavajpeg.dylib
0x0000000109cd8000 	/opt/homebrew/Cellar/jpeg-turbo/3.2.0/lib/libjpeg.8.3.2.dylib
0x0000000109d4c000 	/opt/homebrew/Cellar/openjdk/26.0.1/libexec/openjdk.jdk/Contents/Home/lib/libawt.dylib
0x000000022971c000 	/System/Library/Frameworks/JavaRuntimeSupport.framework/Versions/A/JavaRuntimeSupport
0x00000001ace2e000 	/System/Library/Frameworks/Carbon.framework/Versions/A/Carbon
0x00000001a308a000 	/System/Library/Frameworks/Carbon.framework/Versions/A/Frameworks/CommonPanels.framework/Versions/A/CommonPanels
0x000000019da1b000 	/System/Library/Frameworks/Carbon.framework/Versions/A/Frameworks/Help.framework/Versions/A/Help
0x00000001a308e000 	/System/Library/Frameworks/Carbon.framework/Versions/A/Frameworks/ImageCapture.framework/Versions/A/ImageCapture
0x00000001a3069000 	/System/Library/Frameworks/Carbon.framework/Versions/A/Frameworks/OpenScripting.framework/Versions/A/OpenScripting
0x00000001a3089000 	/System/Library/Frameworks/Carbon.framework/Versions/A/Frameworks/Ink.framework/Versions/A/Ink
0x00000001a3086000 	/System/Library/Frameworks/Carbon.framework/Versions/A/Frameworks/SecurityHI.framework/Versions/A/SecurityHI
0x0000000283839000 	/usr/lib/libInterpreterSecurity.dylib
0x00000001c3a16000 	/System/Library/PrivateFrameworks/XprotectFramework.framework/Versions/A/XprotectFramework
0x00000001a6633000 	/System/Library/PrivateFrameworks/yara.framework/Versions/A/yara
0x00000002837b6000 	/usr/lib/libEndpointSecuritySystem.dylib
0x000000010f000000 	/opt/homebrew/Cellar/openjdk/26.0.1/libexec/openjdk.jdk/Contents/Home/lib/libawt_lwawt.dylib
0x0000000104f84000 	/opt/homebrew/Cellar/openjdk/26.0.1/libexec/openjdk.jdk/Contents/Home/lib/libosxapp.dylib
0x00000001ab37a000 	/System/Library/Frameworks/ExceptionHandling.framework/Versions/A/ExceptionHandling
0x0000000104f54000 	/opt/homebrew/Cellar/openjdk/26.0.1/libexec/openjdk.jdk/Contents/Home/lib/liblcms.dylib
0x0000000109e40000 	/opt/homebrew/Cellar/little-cms2/2.19/lib/liblcms2.2.dylib
0x00000001051d8000 	/Users/lingjinsuo/Library/Caches/JNA/temp/jna3657636357078147323.tmp
0x000000010f3dc000 	/Users/lingjinsuo/D/code/binary_eys_callback/target/darwin-aarch64/libtesseract.dylib
0x000000010f68c000 	/opt/homebrew/Cellar/leptonica/1.87.0/lib/libleptonica.6.dylib
0x0000000109f44000 	/opt/homebrew/Cellar/libarchive/3.8.9/lib/libarchive.13.dylib
0x0000000109dec000 	/opt/homebrew/Cellar/libpng/1.6.58/lib/libpng16.16.dylib
0x0000000104f68000 	/opt/homebrew/Cellar/giflib/6.1.3/lib/libgif.7.2.0.dylib
0x000000010f12c000 	/opt/homebrew/Cellar/libtiff/4.7.2/lib/libtiff.6.dylib
0x0000000109eec000 	/opt/homebrew/Cellar/webp/1.6.0/lib/libwebp.7.2.0.dylib
0x0000000104fb8000 	/opt/homebrew/Cellar/webp/1.6.0/lib/libwebpmux.3.1.2.dylib
0x000000010f1b4000 	/opt/homebrew/Cellar/openjpeg/2.5.4/lib/libopenjp2.2.5.4.dylib
0x000000010f2a4000 	/opt/homebrew/Cellar/zstd/1.5.7_1/lib/libzstd.1.5.7.dylib
0x000000010f208000 	/opt/homebrew/Cellar/xz/5.8.3/lib/liblzma.5.dylib
0x0000000104fcc000 	/opt/homebrew/Cellar/webp/1.6.0/lib/libsharpyuv.0.1.2.dylib
0x0000000109ec0000 	/opt/homebrew/Cellar/lz4/1.10.0/lib/liblz4.1.10.0.dylib
0x0000000105200000 	/opt/homebrew/Cellar/libb2/0.98.1/lib/libb2.1.dylib

JVMTI agents: none


VM Arguments:
jvm_args: -Djna.library.path=/Users/lingjinsuo/D/code/binary_eys_callback/target/darwin-aarch64 
java_command: /Users/lingjinsuo/D/code/binary_eys_callback/target/surefire/surefirebooter17427900925197089076.jar /Users/lingjinsuo/D/code/binary_eys_callback/target/surefire 2026-07-30T12-41-05_605-jvmRun1 surefire8656965008265002668tmp surefire_015743411136381642671tmp
java_class_path (initial): /Users/lingjinsuo/D/code/binary_eys_callback/target/surefire/surefirebooter17427900925197089076.jar
Launcher Type: SUN_STANDARD

[Global flags]
     bool AOTAdapterCaching                        = false                                  {diagnostic} {ergonomic}
     bool AOTInvokeDynamicLinking                  = false                                  {diagnostic} {ergonomic}
     bool AOTRecordTraining                        = false                                  {diagnostic} {ergonomic}
     bool AOTReplayTraining                        = false                                  {diagnostic} {ergonomic}
     bool AOTStubCaching                           = false                                  {diagnostic} {ergonomic}
     intx CICompilerCount                          = 4                                         {product} {ergonomic}
     uint ConcGCThreads                            = 2                                         {product} {ergonomic}
     uint G1ConcRefinementThreads                  = 9                                         {product} {ergonomic}
     uint G1EagerReclaimRemSetThreshold            = 64                                   {experimental} {ergonomic}
   size_t G1HeapRegionSize                         = 8388608                                   {product} {ergonomic}
     uint G1RemSetArrayOfCardsEntries              = 64                                   {experimental} {ergonomic}
     uint G1RemSetHowlMaxNumBuckets                = 8                                    {experimental} {ergonomic}
     uint G1RemSetHowlNumBuckets                   = 8                                    {experimental} {ergonomic}
   size_t InitialHeapSize                          = 8388608                                   {product} {ergonomic}
   size_t MarkStackSize                            = 4194304                                   {product} {ergonomic}
   size_t MarkStackSizeMax                         = 536870912                                 {product} {ergonomic}
   size_t MaxHeapSize                              = 17179869184                               {product} {ergonomic}
   size_t MaxNewSize                               = 10301210624                               {product} {ergonomic}
 uint64_t MaxRAM                                   = 68719476736                               {product} {ergonomic}
   size_t MinHeapDeltaBytes                        = 8388608                                   {product} {ergonomic}
   size_t MinHeapSize                              = 8388608                                   {product} {ergonomic}
   size_t NonNMethodCodeHeapSize                   = 5849088                                {pd product} {ergonomic}
   size_t NonProfiledCodeHeapSize                  = 122912768                              {pd product} {ergonomic}
   size_t ProfiledCodeHeapSize                     = 122912768                              {pd product} {ergonomic}
   size_t ReservedCodeCacheSize                    = 251674624                              {pd product} {ergonomic}
     bool SegmentedCodeCache                       = true                                      {product} {ergonomic}
   size_t SoftMaxHeapSize                          = 17179869184                            {manageable} {ergonomic}
     bool UseCompressedOops                        = true                           {product lp64_product} {ergonomic}
     bool UseCondCardMark                          = true                                      {product} {ergonomic}
     bool UseG1GC                                  = true                                      {product} {ergonomic}
     bool UseNUMA                                  = false                                     {product} {ergonomic}
     bool UseNUMAInterleaving                      = false                                     {product} {ergonomic}

Logging:
Log output configuration:
 #0: stdout all=warning uptime,level,tags foldmultilines=false
 #1: stderr all=off uptime,level,tags foldmultilines=false

Release file:
IMPLEMENTOR="Homebrew"
IMPLEMENTOR_VERSION="Homebrew"
JAVA_RUNTIME_VERSION="26.0.1"
JAVA_VERSION="26.0.1"
JAVA_VERSION_DATE="2026-04-21"
LIBC="default"
MODULES="java.base java.compiler java.datatransfer java.xml java.prefs java.desktop java.instrument java.logging java.management java.security.sasl java.naming java.rmi java.management.rmi java.net.http java.scripting java.security.jgss java.transaction.xa java.sql java.sql.rowset java.xml.crypto java.se java.smartcardio jdk.accessibility jdk.internal.jvmstat jdk.attach jdk.charsets jdk.internal.opt jdk.zipfs jdk.compiler jdk.crypto.cryptoki jdk.crypto.ec jdk.dynalink jdk.internal.ed jdk.editpad jdk.internal.vm.ci jdk.graal.compiler jdk.graal.compiler.management jdk.hotspot.agent jdk.httpserver jdk.incubator.vector jdk.internal.le jdk.internal.md jdk.jartool jdk.javadoc jdk.jcmd jdk.management jdk.management.agent jdk.jconsole jdk.jdeps jdk.jdwp.agent jdk.jdi jdk.jfr jdk.jlink jdk.jpackage jdk.jshell jdk.jstatd jdk.localedata jdk.management.jfr jdk.naming.dns jdk.naming.rmi jdk.net jdk.nio.mapmode jdk.sctp jdk.security.auth jdk.security.jgss jdk.unsupported jdk.unsupported.desktop jdk.xml.dom"
OS_ARCH="aarch64"
OS_NAME="Darwin"
SOURCE=""

Environment Variables:
JAVA_HOME=/opt/homebrew/opt/openjdk/libexec/openjdk.jdk/Contents/Home
PATH=/Users/lingjinsuo/Library/Python/3.9/bin:/Users/lingjinsuo/.darkbloom/bin:/Users/lingjinsuo/.local/bin:/Users/lingjinsuo/.local/bin:/usr/local/bin:/Library/Frameworks/Python.framework/Versions/3.14/bin:/Library/Frameworks/Python.framework/Versions/3.14/bin:/Users/lingjinsuo/.local/bin:/opt/homebrew/bin:/opt/homebrew/sbin:/Library/Application Support/Yunshu/Yunshu.app/Contents/Public:/usr/local/bin:/System/Cryptexes/App/usr/bin:/usr/bin:/bin:/usr/sbin:/sbin:/var/run/com.apple.security.cryptexd/codex.system/bootstrap/usr/local/bin:/var/run/com.apple.security.cryptexd/codex.system/bootstrap/usr/bin:/var/run/com.apple.security.cryptexd/codex.system/bootstrap/usr/appleinternal/bin:/opt/pkg/env/active/bin:/opt/pmk/env/global/bin:/Applications/VMware Fusion.app/Contents/Public:/Users/lingjinsuo/Library/Python/3.9/bin:/Users/lingjinsuo/.darkbloom/bin:/Users/lingjinsuo/.local/bin:/Library/Frameworks/Python.framework/Versions/3.14/bin:/Users/lingjinsuo/.cursor/extensions/vscjava.vscode-java-debug-0.59.0-universal/bundled/scripts/noConfigScripts
SHELL=/bin/zsh
LANG=C.UTF-8
TERM=xterm-256color
TMPDIR=/var/folders/l_/8ht8zr012h9gqwp5kz1d4zzc0000gp/T/

Active Locale:
LC_ALL=C.UTF-8
LC_COLLATE=C.UTF-8
LC_CTYPE=C.UTF-8
LC_MESSAGES=C.UTF-8
LC_MONETARY=C.UTF-8
LC_NUMERIC=C.UTF-8
LC_TIME=C.UTF-8

Signal Handlers:
   SIGSEGV: crash_handler in libjvm.dylib, mask=11100110000111110111111111111111, flags=SA_ONSTACK|SA_RESTART|SA_SIGINFO, unblocked
    SIGBUS: crash_handler in libjvm.dylib, mask=11100110000111110111111111111111, flags=SA_RESTART|SA_SIGINFO, unblocked
    SIGFPE: crash_handler in libjvm.dylib, mask=11100110000111110111111111111111, flags=SA_RESTART|SA_SIGINFO, unblocked
   SIGPIPE: javaSignalHandler in libjvm.dylib, mask=11100110000111110111111111111111, flags=SA_RESTART|SA_SIGINFO, blocked
   SIGXFSZ: javaSignalHandler in libjvm.dylib, mask=11100110000111110111111111111111, flags=SA_RESTART|SA_SIGINFO, blocked
    SIGILL: crash_handler in libjvm.dylib, mask=11100110000111110111111111111111, flags=SA_RESTART|SA_SIGINFO, unblocked
   SIGUSR2: SR_handler in libjvm.dylib, mask=00000000000000000000000000000000, flags=SA_RESTART|SA_SIGINFO, blocked
    SIGHUP: UserHandler in libjvm.dylib, mask=11100110000111110111111111111111, flags=SA_RESTART|SA_SIGINFO, blocked
    SIGINT: UserHandler in libjvm.dylib, mask=11100110000111110111111111111111, flags=SA_RESTART|SA_SIGINFO, blocked
   SIGTERM: UserHandler in libjvm.dylib, mask=11100110000111110111111111111111, flags=SA_RESTART|SA_SIGINFO, blocked
   SIGQUIT: UserHandler in libjvm.dylib, mask=11100110000111110111111111111111, flags=SA_RESTART|SA_SIGINFO, blocked
   SIGTRAP: crash_handler in libjvm.dylib, mask=11100110000111110111111111111111, flags=SA_RESTART|SA_SIGINFO, unblocked


Compilation memory statistics disabled.

Periodic native trim disabled

---------------  S Y S T E M  ---------------

OS:
uname: Darwin 25.4.0 Darwin Kernel Version 25.4.0: Thu Mar 19 19:30:44 PDT 2026; root:xnu-12377.101.15~1/RELEASE_ARM64_T6000 arm64
OS uptime: 14 days 3:10 hours
rlimit (soft/hard): STACK 8176k/65520k , CORE 0k/infinity , NPROC 10666/16000 , NOFILE 1048576/infinity , AS infinity/infinity , CPU infinity/infinity , DATA infinity/infinity , FSIZE infinity/infinity , MEMLOCK infinity/infinity , RSS infinity/infinity
load average: 13.31 16.64 15.73

CPU: total 10 (initial active 10) 0x61:0x0:0x1b588bb3:0, fp, asimd, aes, pmull, sha1, sha256, crc32, lse, sha3, sha512, sb
machdep.cpu.brand_string:Apple M1 Max
hw.cachelinesize:128
hw.l1icachesize:131072
hw.l1dcachesize:65536
hw.l2cachesize:4194304

Memory: 16k page, physical 67108864k(24854736k free), swap 0k(0k free)

vm_info: OpenJDK 64-Bit Server VM (26.0.1) for bsd-aarch64 JRE (26.0.1), built on 2026-03-10T15:42:26Z with clang Apple LLVM 21.0.0 (clang-2100.0.123.102)

END.
